{
    "outputs": {
        "memory": {
            "utilization": {
                "O": [
                    0.5,
                    0.02880859375
                ],
                "W": [
                    1.0,
                    0.0360710144
                ],
                "I": [
                    1.0,
                    0.02880859375
                ]
            },
            "word_accesses": {
                "O": [
                    {
                        "rd ^": 11008,
                        "wr v": 0,
                        "rd v": 2818048,
                        "wr ^": 2818048
                    },
                    {
                        "rd ^": 0,
                        "wr v": 0,
                        "rd v": 0,
                        "wr ^": 688
                    }
                ],
                "W": [
                    {
                        "rd ^": 0,
                        "wr v": 45088768,
                        "rd v": 45088768,
                        "wr ^": 0
                    },
                    {
                        "rd ^": 0,
                        "wr v": 0,
                        "rd v": 5636096,
                        "wr ^": 0
                    }
                ],
                "I": [
                    {
                        "rd ^": 0,
                        "wr v": 22544384,
                        "rd v": 22544384,
                        "wr ^": 0
                    },
                    {
                        "rd ^": 0,
                        "wr v": 0,
                        "rd v": 352256,
                        "wr ^": 0
                    }
                ]
            }
        },
        "energy": {
            "energy_total": 6030722561.059588,
            "operational_energy": 19365664.816862658,
            "operational_energy_breakdown": {
                "cells": 762458.1295846193,
                "wl_drivers": 3214098.641925,
                "bl_drivers": 9406.382346315213,
                "dacs": 7304380.416000001,
                "adcs": 7902755.2596787205,
                "adders_regular": 0,
                "adders_pv": 172565.98732799996
            },
            "memory_energy": 6011356896.242725,
            "memory_energy_breakdown_per_level": {
                "O": [
                    118589.18400000001,
                    149075.84
                ],
                "W": [
                    2004894424.4347246,
                    3945267200
                ],
                "I": [
                    450887.68,
                    60476719.104
                ]
            },
            "memory_energy_breakdown_per_level_per_operand": {
                "O": [
                    {
                        "rd ^": 231.168,
                        "wr v": 0.0,
                        "rd v": 59179.008,
                        "wr ^": 59179.008
                    },
                    {
                        "rd ^": 0.0,
                        "wr v": 0.0,
                        "rd v": 0.0,
                        "wr ^": 149075.84
                    }
                ],
                "W": [
                    {
                        "rd ^": 0,
                        "wr v": 2004894424.4347246,
                        "rd v": 0,
                        "wr ^": 0.0
                    },
                    {
                        "rd ^": 0,
                        "wr v": 0,
                        "rd v": 3945267200,
                        "wr ^": 0
                    }
                ],
                "I": [
                    {
                        "rd ^": 0.0,
                        "wr v": 225443.84,
                        "rd v": 225443.84,
                        "wr ^": 0.0
                    },
                    {
                        "rd ^": 0.0,
                        "wr v": 0.0,
                        "rd v": 60476719.104,
                        "wr ^": 0.0
                    }
                ]
            }
        },
        "latency": {
            "data_onloading": 4.0,
            "computation": 26771453.0,
            "data_offloading": 1.0,
            "computation_breakdown": {
                "mac_computation": 22544384.0,
                "memory_stalling": 4227069
            }
        },
        "clock": {
            "tclk (ns)": 24.835963076923072,
            "tclk_breakdown (ns)": {
                "cells": 0,
                "wl_drivers": 0,
                "bl_drivers": 0,
                "dacs": 0,
                "adcs": 23.076923076923073,
                "adders_regular": 0,
                "adders_pv": 0.30592,
                "accumulators": 1.4531200000000002
            }
        },
        "area (mm^2)": {
            "total_area": 1.7917788693388426,
            "total_area_breakdown:": {
                "imc_area": 0.002578869338842562,
                "mem_area": 1.7892
            },
            "total_area_breakdown_further": {
                "imc_area_breakdown": {
                    "cells": 0,
                    "access_tx": 5.0176e-05,
                    "dacs": 0,
                    "adcs": 0.0020846827141356664,
                    "adders_regular": 0,
                    "adders_pv": 1.07757e-05,
                    "accumulators": 0.0004067136,
                    "wl_drivers": 2.069870290229857e-05,
                    "bl_drivers": 5.822621804597131e-06
                },
                "mem_area_breakdown": {
                    "cells": 0,
                    "rf_1B": 0,
                    "rf_2B": 0,
                    "L1_SRAM_512KB": 1.7892,
                    "L2_DRAM": 0
                }
            }
        },
        "spatial": {
            "mac_utilization": {
                "ideal": 1.0,
                "stalls": 0.8421053575239267,
                "stalls_onloading": 0.8421052317025555,
                "stalls_onloading_offloading": 0.8421052002472185
            }
        }
    },
    "inputs": {
        "accelerator": {
            "id": 0,
            "name": "Experiment3_2T2R_pseudo_crossbar_reram-removing-nouse-mem",
            "operational_array": {
                "operational_unit: ImcNvmArray, dimensions": {
                    "D1": 2,
                    "D2": 16
                }
            },
            "memory_hierarchy": [
                "MemoryLevel(instance=cells,operands=[I2], served_dimensions=set())",
                "MemoryLevel(instance=rf_1B,operands=[I1], served_dimensions={D1})",
                "MemoryLevel(instance=rf_2B,operands=[O], served_dimensions={D2})",
                "MemoryLevel(instance=L2_DRAM,operands=[I2], served_dimensions={D1, D2})",
                "MemoryLevel(instance=L1_SRAM_512KB,operands=[I1, O], served_dimensions={D1, D2})"
            ],
            "mem_hierarchy_dict": {
                "I2": [
                    "MemoryLevel(instance=cells,operands=[I2], served_dimensions=set())",
                    "MemoryLevel(instance=L2_DRAM,operands=[I2], served_dimensions={D1, D2})"
                ],
                "I1": [
                    "MemoryLevel(instance=rf_1B,operands=[I1], served_dimensions={D1})",
                    "MemoryLevel(instance=L1_SRAM_512KB,operands=[I1, O], served_dimensions={D1, D2})"
                ],
                "O": [
                    "MemoryLevel(instance=rf_2B,operands=[O], served_dimensions={D2})",
                    "MemoryLevel(instance=L1_SRAM_512KB,operands=[I1, O], served_dimensions={D1, D2})"
                ]
            },
            "dataflows": null,
            "mem_size_dict": {
                "I2": [
                    8,
                    10000000000
                ],
                "I1": [
                    8,
                    4194304
                ],
                "O": [
                    16,
                    4194304
                ]
            },