{
    "outputs": {
        "memory": {
            "utilization": {
                "O": [
                    1.0,
                    0.125
                ],
                "W": [
                    1.0,
                    0.0134217728
                ],
                "I": [
                    1.0,
                    0.125
                ]
            },
            "word_accesses": {
                "O": [
                    {
                        "rd ^": 8388608,
                        "wr v": 8388608,
                        "rd v": 8388608,
                        "wr ^": 8388608
                    },
                    {
                        "rd ^": 0,
                        "wr v": 0,
                        "rd v": 524288,
                        "wr ^": 524288
                    }
                ],
                "W": [
                    {
                        "rd ^": 0,
                        "wr v": 16777216,
                        "rd v": 16777216,
                        "wr ^": 0
                    },
                    {
                        "rd ^": 0,
                        "wr v": 0,
                        "rd v": 2097152,
                        "wr ^": 0
                    }
                ],
                "I": [
                    {
                        "rd ^": 0,
                        "wr v": 67108864,
                        "rd v": 67108864,
                        "wr ^": 0
                    },
                    {
                        "rd ^": 0,
                        "wr v": 0,
                        "rd v": 1048576,
                        "wr ^": 0
                    }
                ]
            }
        },
        "energy": {
            "energy_total": 2657345385.0171638,
            "operational_energy": 57646630.152521394,
            "operational_energy_breakdown": {
                "cells": 2269642.8043449135,
                "wl_drivers": 9567549.445730234,
                "bl_drivers": 28000.393961124355,
                "dacs": 21743271.936000004,
                "adcs": 23524480.772997122,
                "adders_regular": 0,
                "adders_pv": 513684.7994879999
            },
            "memory_energy": 2599698754.864642,
            "memory_energy_breakdown_per_level": {
                "O": [
                    704643.072,
                    203614584.83200002
                ],
                "W": [
                    746007227.6966417,
                    1468006400
                ],
                "I": [
                    1342177.28,
                    180023721.984
                ]
            },
            "memory_energy_breakdown_per_level_per_operand": {
                "O": [
                    {
                        "rd ^": 176160.768,
                        "wr v": 176160.768,
                        "rd v": 176160.768,
                        "wr ^": 176160.768
                    },
                    {
                        "rd ^": 0.0,
                        "wr v": 0.0,
                        "rd v": 90011860.992,
                        "wr ^": 113602723.84
                    }
                ],
                "W": [
                    {
                        "rd ^": 0,
                        "wr v": 746007227.6966417,
                        "rd v": 0,
                        "wr ^": 0.0
                    },
                    {
                        "rd ^": 0,
                        "wr v": 0,
                        "rd v": 1468006400,
                        "wr ^": 0
                    }
                ],
                "I": [
                    {
                        "rd ^": 0.0,
                        "wr v": 671088.64,
                        "rd v": 671088.64,
                        "wr ^": 0.0
                    },
                    {
                        "rd ^": 0.0,
                        "wr v": 0.0,
                        "rd v": 180023721.984,
                        "wr ^": 0.0
                    }
                ]
            }
        },
        "latency": {
            "data_onloading": 4.0,
            "computation": 71303166.0,
            "data_offloading": 1.0,
            "computation_breakdown": {
                "mac_computation": 67108864.0,
                "memory_stalling": 4194302
            }
        },
        "clock": {
            "tclk (ns)": 24.835963076923072,
            "tclk_breakdown (ns)": {
                "cells": 0,
                "wl_drivers": 0,
                "bl_drivers": 0,
                "dacs": 0,
                "adcs": 23.076923076923073,
                "adders_regular": 0,
                "adders_pv": 0.30592,
                "accumulators": 1.4531200000000002
            }
        },
        "area (mm^2)": {
            "total_area": 1.7917788693388426,
            "total_area_breakdown:": {
                "imc_area": 0.002578869338842562,
                "mem_area": 1.7892
            },
            "total_area_breakdown_further": {
                "imc_area_breakdown": {
                    "cells": 0,
                    "access_tx": 5.0176e-05,
                    "dacs": 0,
                    "adcs": 0.0020846827141356664,
                    "adders_regular": 0,
                    "adders_pv": 1.07757e-05,
                    "accumulators": 0.0004067136,
                    "wl_drivers": 2.069870290229857e-05,
                    "bl_drivers": 5.822621804597131e-06
                },
                "mem_area_breakdown": {
                    "cells": 0,
                    "rf_1B": 0,
                    "rf_2B": 0,
                    "L1_SRAM_512KB": 1.7892,
                    "L2_DRAM": 0
                }
            }
        },
        "spatial": {
            "mac_utilization": {
                "ideal": 1.0,
                "stalls": 0.941176496987525,
                "stalls_onloading": 0.941176444188947,
                "stalls_onloading_offloading": 0.9411764309893034
            }
        }
    },
    "inputs": {
        "accelerator": {
            "id": 0,
            "name": "Experiment3_2T2R_pseudo_crossbar_reram-removing-nouse-mem",
            "operational_array": {
                "operational_unit: ImcNvmArray, dimensions": {
                    "D1": 2,
                    "D2": 16
                }
            },
            "memory_hierarchy": [
                "MemoryLevel(instance=cells,operands=[I2], served_dimensions=set())",
                "MemoryLevel(instance=rf_1B,operands=[I1], served_dimensions={D1})",
                "MemoryLevel(instance=rf_2B,operands=[O], served_dimensions={D2})",
                "MemoryLevel(instance=L2_DRAM,operands=[I2], served_dimensions={D1, D2})",
                "MemoryLevel(instance=L1_SRAM_512KB,operands=[I1, O], served_dimensions={D1, D2})"
            ],
            "mem_hierarchy_dict": {
                "I2": [
                    "MemoryLevel(instance=cells,operands=[I2], served_dimensions=set())",
                    "MemoryLevel(instance=L2_DRAM,operands=[I2], served_dimensions={D1, D2})"
                ],
                "I1": [
                    "MemoryLevel(instance=rf_1B,operands=[I1], served_dimensions={D1})",
                    "MemoryLevel(instance=L1_SRAM_512KB,operands=[I1, O], served_dimensions={D1, D2})"
                ],
                "O": [
                    "MemoryLevel(instance=rf_2B,operands=[O], served_dimensions={D2})",
                    "MemoryLevel(instance=L1_SRAM_512KB,operands=[I1, O], served_dimensions={D1, D2})"
                ]
            },
            "dataflows": null,
            "mem_size_dict": {
                "I2": [
                    8,
                    10000000000
                ],
                "I1": [
                    8,
                    4194304
                ],