{
    "energy": 2554412715.372293,
    "latency": 4630798.9296875
}