{
    "energy": 1761416585.4576097,
    "latency": 2509389.71875
}