{
    "outputs": {
        "memory": {
            "utilization": {
                "O": [
                    1.0,
                    0.0043487548828125
                ],
                "I": [
                    1.0,
                    0.0043487548828125
                ],
                "W": [
                    1.0,
                    0.001024
                ]
            },
            "word_accesses": {
                "O": [
                    {
                        "rd ^": 10080,
                        "wr v": 10080,
                        "rd v": 10080,
                        "wr ^": 10080
                    },
                    {
                        "rd ^": 0,
                        "wr v": 0,
                        "rd v": 315,
                        "wr ^": 315
                    }
                ],
                "I": [
                    {
                        "rd ^": 0,
                        "wr v": 1280,
                        "rd v": 1280,
                        "wr ^": 0
                    },
                    {
                        "rd ^": 0,
                        "wr v": 0,
                        "rd v": 20,
                        "wr ^": 0
                    }
                ],
                "W": [
                    {
                        "rd ^": 0,
                        "wr v": 1280160,
                        "rd v": 1280160,
                        "wr ^": 0
                    },
                    {
                        "rd ^": 0,
                        "wr v": 0,
                        "rd v": 160020,
                        "wr ^": 0
                    }
                ]
            }
        },
        "energy": {
            "energy_total": 179080450.20880938,
            "operational_energy": 167731.02123829754,
            "operational_energy_breakdown": {
                "cells": 21645.000499199996,
                "wl_drivers": 91243.26177339777,
                "bl_drivers": 267.0325656998096,
                "dacs": 25920.000000000004,
                "adcs": 28043.366400000003,
                "adders_regular": 0,
                "adders_pv": 612.3599999999999
            },
            "memory_energy": 178912719.18757108,
            "memory_energy_breakdown_per_level": {
                "O": [
                    846.72,
                    122334.66
                ],
                "I": [
                    25.6,
                    3433.68
                ],
                "W": [
                    66772078.52757109,
                    112014000
                ]
            },
            "memory_energy_breakdown_per_level_per_operand": {
                "O": [
                    {
                        "rd ^": 211.68,
                        "wr v": 211.68,
                        "rd v": 211.68,
                        "wr ^": 211.68
                    },
                    {
                        "rd ^": 0.0,
                        "wr v": 0.0,
                        "rd v": 54080.46,
                        "wr ^": 68254.2
                    }
                ],
                "I": [
                    {
                        "rd ^": 0.0,
                        "wr v": 12.8,
                        "rd v": 12.8,
                        "wr ^": 0.0
                    },
                    {
                        "rd ^": 0.0,
                        "wr v": 0.0,
                        "rd v": 3433.68,
                        "wr ^": 0.0
                    }
                ],
                "W": [
                    {
                        "rd ^": 0,
                        "wr v": 66772078.52757109,
                        "rd v": 0,
                        "wr ^": 0.0
                    },
                    {
                        "rd ^": 0,
                        "wr v": 0,
                        "rd v": 112014000,
                        "wr ^": 0
                    }
                ]
            }
        },
        "latency": {
            "data_onloading": 240.0,
            "computation": 160411.0,
            "data_offloading": 1.0,
            "computation_breakdown": {
                "mac_computation": 10080.0,
                "memory_stalling": 150331
            }
        },
        "clock": {
            "tclk (ns)": 24.835963076923072,
            "tclk_breakdown (ns)": {
                "cells": 0,
                "wl_drivers": 0,
                "bl_drivers": 0,
                "dacs": 0,
                "adcs": 23.076923076923073,
                "adders_regular": 0,
                "adders_pv": 0.30592,
                "accumulators": 1.4531200000000002
            }
        },
        "area (mm^2)": {
            "total_area": 1.8057872740377838,
            "total_area_breakdown:": {
                "imc_area": 0.01658727403778399,
                "mem_area": 1.7892
            },
            "total_area_breakdown_further": {
                "imc_area_breakdown": {
                    "cells": 0,
                    "access_tx": 0.003211264,
                    "dacs": 0,
                    "adcs": 0.008338730856542666,
                    "adders_regular": 0,
                    "adders_pv": 8.62056e-05,
                    "accumulators": 0.0032537088,
                    "wl_drivers": 0.0013247169857471084,
                    "bl_drivers": 0.0003726477954942164
                },
                "mem_area_breakdown": {
                    "cells": 0,
                    "rf_1B": 0,
                    "rf_2B": 0,
                    "L1_SRAM_512KB": 1.7892,
                    "L2_DRAM": 0
                }
            }
        },
        "spatial": {
            "mac_utilization": {
                "ideal": 0.9920634920634921,
                "stalls": 0.06233986447313464,
                "stalls_onloading": 0.0622467336026542,
                "stalls_onloading_offloading": 0.062246346139481615
            }
        }
    },
    "inputs": {
        "accelerator": {
            "id": 0,
            "name": "Experiment3_2T2R_pseudo_crossbar_reram-removing-nouse-mem",
            "operational_array": {
                "operational_unit: ImcNvmArray, dimensions": {
                    "D1": 16,
                    "D2": 128
                }
            },
            "memory_hierarchy": [
                "MemoryLevel(instance=cells,operands=[I2], served_dimensions=set())",
                "MemoryLevel(instance=rf_1B,operands=[I1], served_dimensions={D1})",
                "MemoryLevel(instance=rf_2B,operands=[O], served_dimensions={D2})",
                "MemoryLevel(instance=L2_DRAM,operands=[I2], served_dimensions={D1, D2})",
                "MemoryLevel(instance=L1_SRAM_512KB,operands=[I1, O], served_dimensions={D1, D2})"
            ],
            "mem_hierarchy_dict": {
                "I2": [
                    "MemoryLevel(instance=cells,operands=[I2], served_dimensions=set())",
                    "MemoryLevel(instance=L2_DRAM,operands=[I2], served_dimensions={D1, D2})"
                ],
                "I1": [
                    "MemoryLevel(instance=rf_1B,operands=[I1], served_dimensions={D1})",
                    "MemoryLevel(instance=L1_SRAM_512KB,operands=[I1, O], served_dimensions={D1, D2})"
                ],
                "O": [
                    "MemoryLevel(instance=rf_2B,operands=[O], served_dimensions={D2})",
                    "MemoryLevel(instance=L1_SRAM_512KB,operands=[I1, O], served_dimensions={D1, D2})"
                ]
            },
            "dataflows": null,
            "mem_size_dict": {
                "I2": [
                    8,
                    10000000000
                ],
                "I1": [
                    8,
                    4194304
                ],
                "O": [
                    16,
                    4194304
                ]
            },