{
    "outputs": {
        "memory": {
            "utilization": {
                "O": [
                    0.5,
                    0.179443359375
                ],
                "W": [
                    1.0,
                    6.912e-06
                ],
                "I": [
                    1.0,
                    0.179443359375
                ]
            },
            "word_accesses": {
                "O": [
                    {
                        "rd ^": 47040,
                        "wr v": 0,
                        "rd v": 0,
                        "wr ^": 47040
                    },
                    {
                        "rd ^": 0,
                        "wr v": 0,
                        "rd v": 0,
                        "wr ^": 5880
                    }
                ],
                "W": [
                    {
                        "rd ^": 0,
                        "wr v": 8640,
                        "rd v": 8640,
                        "wr ^": 0
                    },
                    {
                        "rd ^": 0,
                        "wr v": 0,
                        "rd v": 1920,
                        "wr ^": 0
                    }
                ],
                "I": [
                    {
                        "rd ^": 0,
                        "wr v": 423360,
                        "rd v": 423360,
                        "wr ^": 0
                    },
                    {
                        "rd ^": 0,
                        "wr v": 0,
                        "rd v": 11760,
                        "wr ^": 0
                    }
                ]
            }
        },
        "energy": {
            "energy_total": 5861577.056704549,
            "operational_energy": 763396.7385432146,
            "operational_energy_breakdown": {
                "cells": 7159.083915110399,
                "wl_drivers": 482859.3413048209,
                "bl_drivers": 1413.1363376833924,
                "dacs": 137168.64,
                "adcs": 131915.99554560002,
                "adders_regular": 0,
                "adders_pv": 2880.5414399999995
            },
            "memory_energy": 5098180.318161335,
            "memory_energy_breakdown_per_level": {
                "O": [
                    1975.68,
                    1274078.4000000001
                ],
                "W": [
                    450655.19816133473,
                    1344000
                ],
                "I": [
                    8467.2,
                    2019003.84
                ]
            },
            "memory_energy_breakdown_per_level_per_operand": {
                "O": [
                    {
                        "rd ^": 987.84,
                        "wr v": 0.0,
                        "rd v": 0.0,
                        "wr ^": 987.84
                    },
                    {
                        "rd ^": 0.0,
                        "wr v": 0.0,
                        "rd v": 0.0,
                        "wr ^": 1274078.4000000001
                    }
                ],
                "W": [
                    {
                        "rd ^": 0,
                        "wr v": 450655.19816133473,
                        "rd v": 0,
                        "wr ^": 0.0
                    },
                    {
                        "rd ^": 0,
                        "wr v": 0,
                        "rd v": 1344000,
                        "wr ^": 0
                    }
                ],
                "I": [
                    {
                        "rd ^": 0.0,
                        "wr v": 4233.6,
                        "rd v": 4233.6,
                        "wr ^": 0.0
                    },
                    {
                        "rd ^": 0.0,
                        "wr v": 0.0,
                        "rd v": 2019003.84,
                        "wr ^": 0.0
                    }
                ]
            }
        },
        "latency": {
            "data_onloading": 2.0,
            "computation": 95039.0,
            "data_offloading": 1.0,
            "computation_breakdown": {
                "mac_computation": 94080.0,
                "memory_stalling": 959
            }
        },
        "clock": {
            "tclk (ns)": 24.835963076923072,
            "tclk_breakdown (ns)": {
                "cells": 0,
                "wl_drivers": 0,
                "bl_drivers": 0,
                "dacs": 0,
                "adcs": 23.076923076923073,
                "adders_regular": 0,
                "adders_pv": 0.30592,
                "accumulators": 1.4531200000000002
            }
        },
        "area (mm^2)": {
            "total_area": 1.8057872740377838,
            "total_area_breakdown:": {
                "imc_area": 0.01658727403778399,
                "mem_area": 1.7892
            },
            "total_area_breakdown_further": {
                "imc_area_breakdown": {
                    "cells": 0,
                    "access_tx": 0.003211264,
                    "dacs": 0,
                    "adcs": 0.008338730856542666,
                    "adders_regular": 0,
                    "adders_pv": 8.62056e-05,
                    "accumulators": 0.0032537088,
                    "wl_drivers": 0.0013247169857471084,
                    "bl_drivers": 0.0003726477954942164
                },
                "mem_area_breakdown": {
                    "cells": 0,
                    "rf_1B": 0,
                    "rf_2B": 0,
                    "L1_SRAM_512KB": 1.7892,
                    "L2_DRAM": 0
                }
            }
        },
        "spatial": {
            "mac_utilization": {
                "ideal": 0.0044005102040816325,
                "stalls": 0.004356106440513895,
                "stalls_onloading": 0.004356014772571837,
                "stalls_onloading_offloading": 0.004355968940047558
            }
        }
    },
    "inputs": {
        "accelerator": {
            "id": 0,
            "name": "Experiment3_2T2R_pseudo_crossbar_reram-removing-nouse-mem",
            "operational_array": {
                "operational_unit: ImcNvmArray, dimensions": {
                    "D1": 16,
                    "D2": 128
                }
            },
            "memory_hierarchy": [
                "MemoryLevel(instance=cells,operands=[I2], served_dimensions=set())",
                "MemoryLevel(instance=rf_1B,operands=[I1], served_dimensions={D1})",
                "MemoryLevel(instance=rf_2B,operands=[O], served_dimensions={D2})",
                "MemoryLevel(instance=L2_DRAM,operands=[I2], served_dimensions={D1, D2})",
                "MemoryLevel(instance=L1_SRAM_512KB,operands=[I1, O], served_dimensions={D1, D2})"
            ],
            "mem_hierarchy_dict": {
                "I2": [
                    "MemoryLevel(instance=cells,operands=[I2], served_dimensions=set())",
                    "MemoryLevel(instance=L2_DRAM,operands=[I2], served_dimensions={D1, D2})"
                ],
                "I1": [
                    "MemoryLevel(instance=rf_1B,operands=[I1], served_dimensions={D1})",
                    "MemoryLevel(instance=L1_SRAM_512KB,operands=[I1, O], served_dimensions={D1, D2})"
                ],
                "O": [
                    "MemoryLevel(instance=rf_2B,operands=[O], served_dimensions={D2})",
                    "MemoryLevel(instance=L1_SRAM_512KB,operands=[I1, O], served_dimensions={D1, D2})"
                ]
            },
            "dataflows": null,
            "mem_size_dict": {
                "I2": [
                    8,
                    10000000000
                ],
                "I1": [
                    8,
                    4194304
                ],
                "O": [
                    16,
                    4194304
                ]
            },