{
    "outputs": {
        "memory": {
            "utilization": {
                "O": [
                    1.0,
                    0.35888671875
                ],
                "W": [
                    1.0,
                    1.3824e-06
                ],
                "I": [
                    1.0,
                    0.35888671875
                ]
            },
            "word_accesses": {
                "O": [
                    {
                        "rd ^": 18816,
                        "wr v": 0,
                        "rd v": 0,
                        "wr ^": 37632
                    },
                    {
                        "rd ^": 0,
                        "wr v": 0,
                        "rd v": 0,
                        "wr ^": 2352
                    }
                ],
                "W": [
                    {
                        "rd ^": 0,
                        "wr v": 1728,
                        "rd v": 1728,
                        "wr ^": 0
                    },
                    {
                        "rd ^": 0,
                        "wr v": 0,
                        "rd v": 384,
                        "wr ^": 0
                    }
                ],
                "I": [
                    {
                        "rd ^": 0,
                        "wr v": 338688,
                        "rd v": 338688,
                        "wr ^": 0
                    },
                    {
                        "rd ^": 0,
                        "wr v": 0,
                        "rd v": 9408,
                        "wr ^": 0
                    }
                ]
            }
        },
        "energy": {
            "energy_total": 3102442.0304668387,
            "operational_energy": 610717.3908345718,
            "operational_energy_breakdown": {
                "cells": 5727.267132088319,
                "wl_drivers": 386287.47304385673,
                "bl_drivers": 1130.5090701467138,
                "dacs": 109734.91200000001,
                "adcs": 105532.79643648001,
                "adders_regular": 0,
                "adders_pv": 2304.4331519999996
            },
            "memory_energy": 2491724.639632267,
            "memory_energy_breakdown_per_level": {
                "O": [
                    1185.4080000000001,
                    509631.36000000004
                ],
                "W": [
                    90131.03963226694,
                    268800
                ],
                "I": [
                    6773.76,
                    1615203.072
                ]
            },
            "memory_energy_breakdown_per_level_per_operand": {
                "O": [
                    {
                        "rd ^": 395.136,
                        "wr v": 0.0,
                        "rd v": 0.0,
                        "wr ^": 790.272
                    },
                    {
                        "rd ^": 0.0,
                        "wr v": 0.0,
                        "rd v": 0.0,
                        "wr ^": 509631.36000000004
                    }
                ],
                "W": [
                    {
                        "rd ^": 0,
                        "wr v": 90131.03963226694,
                        "rd v": 0,
                        "wr ^": 0.0
                    },
                    {
                        "rd ^": 0,
                        "wr v": 0,
                        "rd v": 268800,
                        "wr ^": 0
                    }
                ],
                "I": [
                    {
                        "rd ^": 0.0,
                        "wr v": 3386.88,
                        "rd v": 3386.88,
                        "wr ^": 0.0
                    },
                    {
                        "rd ^": 0.0,
                        "wr v": 0.0,
                        "rd v": 1615203.072,
                        "wr ^": 0.0
                    }
                ]
            }
        },
        "latency": {
            "data_onloading": 2.0,
            "computation": 75455.0,
            "data_offloading": 1.0,
            "computation_breakdown": {
                "mac_computation": 75264.0,
                "memory_stalling": 191
            }
        },
        "clock": {
            "tclk (ns)": 24.835963076923072,
            "tclk_breakdown (ns)": {
                "cells": 0,
                "wl_drivers": 0,
                "bl_drivers": 0,
                "dacs": 0,
                "adcs": 23.076923076923073,
                "adders_regular": 0,
                "adders_pv": 0.30592,
                "accumulators": 1.4531200000000002
            }
        },
        "area (mm^2)": {
            "total_area": 1.8057872740377838,
            "total_area_breakdown:": {
                "imc_area": 0.01658727403778399,
                "mem_area": 1.7892
            },
            "total_area_breakdown_further": {
                "imc_area_breakdown": {
                    "cells": 0,
                    "access_tx": 0.003211264,
                    "dacs": 0,
                    "adcs": 0.008338730856542666,
                    "adders_regular": 0,
                    "adders_pv": 8.62056e-05,
                    "accumulators": 0.0032537088,
                    "wl_drivers": 0.0013247169857471084,
                    "bl_drivers": 0.0003726477954942164
                },
                "mem_area_breakdown": {
                    "cells": 0,
                    "rf_1B": 0,
                    "rf_2B": 0,
                    "L1_SRAM_512KB": 1.7892,
                    "L2_DRAM": 0
                }
            }
        },
        "spatial": {
            "mac_utilization": {
                "ideal": 0.004411139455782313,
                "stalls": 0.004399973494135578,
                "stalls_onloading": 0.004399856872125846,
                "stalls_onloading_offloading": 0.004399798563439264
            }
        }
    },
    "inputs": {
        "accelerator": {
            "id": 0,
            "name": "Experiment3_2T2R_pseudo_crossbar_reram-removing-nouse-mem",
            "operational_array": {
                "operational_unit: ImcNvmArray, dimensions": {
                    "D1": 16,
                    "D2": 128
                }
            },
            "memory_hierarchy": [
                "MemoryLevel(instance=cells,operands=[I2], served_dimensions=set())",
                "MemoryLevel(instance=rf_1B,operands=[I1], served_dimensions={D1})",
                "MemoryLevel(instance=rf_2B,operands=[O], served_dimensions={D2})",
                "MemoryLevel(instance=L2_DRAM,operands=[I2], served_dimensions={D1, D2})",
                "MemoryLevel(instance=L1_SRAM_512KB,operands=[I1, O], served_dimensions={D1, D2})"
            ],
            "mem_hierarchy_dict": {
                "I2": [
                    "MemoryLevel(instance=cells,operands=[I2], served_dimensions=set())",
                    "MemoryLevel(instance=L2_DRAM,operands=[I2], served_dimensions={D1, D2})"
                ],
                "I1": [
                    "MemoryLevel(instance=rf_1B,operands=[I1], served_dimensions={D1})",
                    "MemoryLevel(instance=L1_SRAM_512KB,operands=[I1, O], served_dimensions={D1, D2})"
                ],
                "O": [
                    "MemoryLevel(instance=rf_2B,operands=[O], served_dimensions={D2})",
                    "MemoryLevel(instance=L1_SRAM_512KB,operands=[I1, O], served_dimensions={D1, D2})"
                ]
            },
            "dataflows": null,
            "mem_size_dict": {
                "I2": [
                    8,
                    10000000000
                ],
                "I1": [
                    8,
                    4194304
                ],
                "O": [
                    16,
                    4194304
                ]
            },