{
    "outputs": {
        "memory": {
            "utilization": {
                "O": [
                    1.0,
                    0.11962890625
                ],
                "W": [
                    1.0,
                    0.00024576
                ],
                "I": [
                    1.0,
                    0.11962890625
                ]
            },
            "word_accesses": {
                "O": [
                    {
                        "rd ^": 125440,
                        "wr v": 125440,
                        "rd v": 125440,
                        "wr ^": 125440
                    },
                    {
                        "rd ^": 0,
                        "wr v": 0,
                        "rd v": 3920,
                        "wr ^": 3920
                    }
                ],
                "W": [
                    {
                        "rd ^": 0,
                        "wr v": 307200,
                        "rd v": 307200,
                        "wr ^": 0
                    },
                    {
                        "rd ^": 0,
                        "wr v": 0,
                        "rd v": 38400,
                        "wr ^": 0
                    }
                ],
                "I": [
                    {
                        "rd ^": 0,
                        "wr v": 940800,
                        "rd v": 940800,
                        "wr ^": 0
                    },
                    {
                        "rd ^": 0,
                        "wr v": 0,
                        "rd v": 14700,
                        "wr ^": 0
                    }
                ]
            }
        },
        "energy": {
            "energy_total": 48951307.38438761,
            "operational_energy": 1972516.8097623796,
            "operational_energy_breakdown": {
                "cells": 254545.20587059195,
                "wl_drivers": 1073020.7584551577,
                "bl_drivers": 3140.302972629761,
                "dacs": 304819.20000000007,
                "adcs": 329789.988864,
                "adders_regular": 0,
                "adders_pv": 7201.353599999999
            },
            "memory_energy": 46978790.57462523,
            "memory_energy_breakdown_per_level": {
                "O": [
                    10536.960000000001,
                    1522386.88
                ],
                "W": [
                    16023295.934625234,
                    26880000
                ],
                "I": [
                    18816.0,
                    2523754.8
                ]
            },
            "memory_energy_breakdown_per_level_per_operand": {
                "O": [
                    {
                        "rd ^": 2634.2400000000002,
                        "wr v": 2634.2400000000002,
                        "rd v": 2634.2400000000002,
                        "wr ^": 2634.2400000000002
                    },
                    {
                        "rd ^": 0.0,
                        "wr v": 0.0,
                        "rd v": 673001.28,
                        "wr ^": 849385.6
                    }
                ],
                "W": [
                    {
                        "rd ^": 0,
                        "wr v": 16023295.934625234,
                        "rd v": 0,
                        "wr ^": 0.0
                    },
                    {
                        "rd ^": 0,
                        "wr v": 0,
                        "rd v": 26880000,
                        "wr ^": 0
                    }
                ],
                "I": [
                    {
                        "rd ^": 0.0,
                        "wr v": 9408.0,
                        "rd v": 9408.0,
                        "wr ^": 0.0
                    },
                    {
                        "rd ^": 0.0,
                        "wr v": 0.0,
                        "rd v": 2523754.8,
                        "wr ^": 0.0
                    }
                ]
            }
        },
        "latency": {
            "data_onloading": 240.0,
            "computation": 163441.0,
            "data_offloading": 1.0,
            "computation_breakdown": {
                "mac_computation": 125440.0,
                "memory_stalling": 38001
            }
        },
        "clock": {
            "tclk (ns)": 24.835963076923072,
            "tclk_breakdown (ns)": {
                "cells": 0,
                "wl_drivers": 0,
                "bl_drivers": 0,
                "dacs": 0,
                "adcs": 23.076923076923073,
                "adders_regular": 0,
                "adders_pv": 0.30592,
                "accumulators": 1.4531200000000002
            }
        },
        "area (mm^2)": {
            "total_area": 1.8057872740377838,
            "total_area_breakdown:": {
                "imc_area": 0.01658727403778399,
                "mem_area": 1.7892
            },
            "total_area_breakdown_further": {
                "imc_area_breakdown": {
                    "cells": 0,
                    "access_tx": 0.003211264,
                    "dacs": 0,
                    "adcs": 0.008338730856542666,
                    "adders_regular": 0,
                    "adders_pv": 8.62056e-05,
                    "accumulators": 0.0032537088,
                    "wl_drivers": 0.0013247169857471084,
                    "bl_drivers": 0.0003726477954942164
                },
                "mem_area_breakdown": {
                    "cells": 0,
                    "rf_1B": 0,
                    "rf_2B": 0,
                    "L1_SRAM_512KB": 1.7892,
                    "L2_DRAM": 0
                }
            }
        },
        "spatial": {
            "mac_utilization": {
                "ideal": 0.9375,
                "stalls": 0.719525700405651,
                "stalls_onloading": 0.718470683830133,
                "stalls_onloading_offloading": 0.7184662944001173
            }
        }
    },
    "inputs": {
        "accelerator": {
            "id": 0,
            "name": "Experiment3_2T2R_pseudo_crossbar_reram-removing-nouse-mem",
            "operational_array": {
                "operational_unit: ImcNvmArray, dimensions": {
                    "D1": 16,
                    "D2": 128
                }
            },
            "memory_hierarchy": [
                "MemoryLevel(instance=cells,operands=[I2], served_dimensions=set())",
                "MemoryLevel(instance=rf_1B,operands=[I1], served_dimensions={D1})",
                "MemoryLevel(instance=rf_2B,operands=[O], served_dimensions={D2})",
                "MemoryLevel(instance=L2_DRAM,operands=[I2], served_dimensions={D1, D2})",
                "MemoryLevel(instance=L1_SRAM_512KB,operands=[I1, O], served_dimensions={D1, D2})"
            ],
            "mem_hierarchy_dict": {
                "I2": [
                    "MemoryLevel(instance=cells,operands=[I2], served_dimensions=set())",
                    "MemoryLevel(instance=L2_DRAM,operands=[I2], served_dimensions={D1, D2})"
                ],
                "I1": [
                    "MemoryLevel(instance=rf_1B,operands=[I1], served_dimensions={D1})",
                    "MemoryLevel(instance=L1_SRAM_512KB,operands=[I1, O], served_dimensions={D1, D2})"
                ],
                "O": [
                    "MemoryLevel(instance=rf_2B,operands=[O], served_dimensions={D2})",
                    "MemoryLevel(instance=L1_SRAM_512KB,operands=[I1, O], served_dimensions={D1, D2})"
                ]
            },
            "dataflows": null,
            "mem_size_dict": {
                "I2": [
                    8,
                    10000000000
                ],
                "I1": [
                    8,
                    4194304
                ],
                "O": [
                    16,
                    4194304
                ]
            },