{
    "energy": 1630414576.7415066,
    "latency": 10870067.953125
}