{
    "energy": 2537328214.9429746,
    "latency": 6340850.71875
}