{
    "outputs": {
        "memory": {
            "utilization": {
                "O": [
                    1.0,
                    0.11962890625
                ],
                "W": [
                    1.0,
                    0.00024576
                ],
                "I": [
                    1.0,
                    0.11962890625
                ]
            },
            "word_accesses": {
                "O": [
                    {
                        "rd ^": 940800,
                        "wr v": 940800,
                        "rd v": 940800,
                        "wr ^": 940800
                    },
                    {
                        "rd ^": 0,
                        "wr v": 0,
                        "rd v": 58800,
                        "wr ^": 58800
                    }
                ],
                "W": [
                    {
                        "rd ^": 0,
                        "wr v": 307200,
                        "rd v": 307200,
                        "wr ^": 0
                    },
                    {
                        "rd ^": 0,
                        "wr v": 0,
                        "rd v": 38400,
                        "wr ^": 0
                    }
                ],
                "I": [
                    {
                        "rd ^": 0,
                        "wr v": 7526400,
                        "rd v": 7526400,
                        "wr ^": 0
                    },
                    {
                        "rd ^": 0,
                        "wr v": 0,
                        "rd v": 117600,
                        "wr ^": 0
                    }
                ]
            }
        },
        "energy": {
            "energy_total": 90260387.71883853,
            "operational_energy": 6465190.60701038,
            "operational_energy_breakdown": {
                "cells": 254545.20587059195,
                "wl_drivers": 1073020.7584551577,
                "bl_drivers": 3140.302972629761,
                "dacs": 2438553.6000000006,
                "adcs": 2638319.910912,
                "adders_regular": 0,
                "adders_pv": 57610.82879999999
            },
            "memory_energy": 83795197.11182815,
            "memory_energy_breakdown_per_level": {
                "O": [
                    79027.20000000001,
                    22835803.2
                ],
                "W": [
                    13659800.311828155,
                    26880000
                ],
                "I": [
                    150528.0,
                    20190038.4
                ]
            },
            "memory_energy_breakdown_per_level_per_operand": {
                "O": [
                    {
                        "rd ^": 19756.800000000003,
                        "wr v": 19756.800000000003,
                        "rd v": 19756.800000000003,
                        "wr ^": 19756.800000000003
                    },
                    {
                        "rd ^": 0.0,
                        "wr v": 0.0,
                        "rd v": 10095019.2,
                        "wr ^": 12740784.0
                    }
                ],
                "W": [
                    {
                        "rd ^": 0,
                        "wr v": 13659800.311828155,
                        "rd v": 0,
                        "wr ^": 0.0
                    },
                    {
                        "rd ^": 0,
                        "wr v": 0,
                        "rd v": 26880000,
                        "wr ^": 0
                    }
                ],
                "I": [
                    {
                        "rd ^": 0.0,
                        "wr v": 75264.0,
                        "rd v": 75264.0,
                        "wr ^": 0.0
                    },
                    {
                        "rd ^": 0.0,
                        "wr v": 0.0,
                        "rd v": 20190038.4,
                        "wr ^": 0.0
                    }
                ]
            }
        },
        "latency": {
            "data_onloading": 4.0,
            "computation": 7996798.0,
            "data_offloading": 1.0,
            "computation_breakdown": {
                "mac_computation": 7526400.0,
                "memory_stalling": 470398
            }
        },
        "clock": {
            "tclk (ns)": 24.835963076923072,
            "tclk_breakdown (ns)": {
                "cells": 0,
                "wl_drivers": 0,
                "bl_drivers": 0,
                "dacs": 0,
                "adcs": 23.076923076923073,
                "adders_regular": 0,
                "adders_pv": 0.30592,
                "accumulators": 1.4531200000000002
            }
        },
        "area (mm^2)": {
            "total_area": 1.7917788693388426,
            "total_area_breakdown:": {
                "imc_area": 0.002578869338842562,
                "mem_area": 1.7892
            },
            "total_area_breakdown_further": {
                "imc_area_breakdown": {
                    "cells": 0,
                    "access_tx": 5.0176e-05,
                    "dacs": 0,
                    "adcs": 0.0020846827141356664,
                    "adders_regular": 0,
                    "adders_pv": 1.07757e-05,
                    "accumulators": 0.0004067136,
                    "wl_drivers": 2.069870290229857e-05,
                    "bl_drivers": 5.822621804597131e-06
                },
                "mem_area_breakdown": {
                    "cells": 0,
                    "rf_1B": 0,
                    "rf_2B": 0,
                    "L1_SRAM_512KB": 1.7892,
                    "L2_DRAM": 0
                }
            }
        },
        "spatial": {
            "mac_utilization": {
                "ideal": 1.0,
                "stalls": 0.9411767059765671,
                "stalls_onloading": 0.9411762352000212,
                "stalls_onloading_offloading": 0.9411761175059583
            }
        }
    },
    "inputs": {
        "accelerator": {
            "id": 0,
            "name": "Experiment3_2T2R_pseudo_crossbar_reram-removing-nouse-mem",
            "operational_array": {
                "operational_unit: ImcNvmArray, dimensions": {
                    "D1": 2,
                    "D2": 16
                }
            },
            "memory_hierarchy": [
                "MemoryLevel(instance=cells,operands=[I2], served_dimensions=set())",
                "MemoryLevel(instance=rf_1B,operands=[I1], served_dimensions={D1})",
                "MemoryLevel(instance=rf_2B,operands=[O], served_dimensions={D2})",
                "MemoryLevel(instance=L2_DRAM,operands=[I2], served_dimensions={D1, D2})",
                "MemoryLevel(instance=L1_SRAM_512KB,operands=[I1, O], served_dimensions={D1, D2})"
            ],
            "mem_hierarchy_dict": {
                "I2": [
                    "MemoryLevel(instance=cells,operands=[I2], served_dimensions=set())",
                    "MemoryLevel(instance=L2_DRAM,operands=[I2], served_dimensions={D1, D2})"
                ],
                "I1": [
                    "MemoryLevel(instance=rf_1B,operands=[I1], served_dimensions={D1})",
                    "MemoryLevel(instance=L1_SRAM_512KB,operands=[I1, O], served_dimensions={D1, D2})"
                ],
                "O": [
                    "MemoryLevel(instance=rf_2B,operands=[O], served_dimensions={D2})",
                    "MemoryLevel(instance=L1_SRAM_512KB,operands=[I1, O], served_dimensions={D1, D2})"
                ]
            },
            "dataflows": null,
            "mem_size_dict": {
                "I2": [
                    8,
                    10000000000
                ],
                "I1": [
                    8,
                    4194304
                ],