{
    "outputs": {
        "memory": {
            "utilization": {
                "O": [
                    1.0,
                    0.1495361328125
                ],
                "W": [
                    1.0,
                    0.00032768
                ],
                "I": [
                    1.0,
                    0.1495361328125
                ]
            },
            "word_accesses": {
                "O": [
                    {
                        "rd ^": 1254400,
                        "wr v": 1254400,
                        "rd v": 1254400,
                        "wr ^": 1254400
                    },
                    {
                        "rd ^": 0,
                        "wr v": 0,
                        "rd v": 78400,
                        "wr ^": 78400
                    }
                ],
                "W": [
                    {
                        "rd ^": 0,
                        "wr v": 409600,
                        "rd v": 409600,
                        "wr ^": 0
                    },
                    {
                        "rd ^": 0,
                        "wr v": 0,
                        "rd v": 51200,
                        "wr ^": 0
                    }
                ],
                "I": [
                    {
                        "rd ^": 0,
                        "wr v": 10035200,
                        "rd v": 10035200,
                        "wr ^": 0
                    },
                    {
                        "rd ^": 0,
                        "wr v": 0,
                        "rd v": 156800,
                        "wr ^": 0
                    }
                ]
            }
        },
        "energy": {
            "energy_total": 120347183.62511806,
            "operational_energy": 8620254.142680507,
            "operational_energy_breakdown": {
                "cells": 339393.6078274559,
                "wl_drivers": 1430694.344606877,
                "bl_drivers": 4187.070630173014,
                "dacs": 3251404.8000000007,
                "adcs": 3517759.8812160003,
                "adders_regular": 0,
                "adders_pv": 76814.43839999998
            },
            "memory_energy": 111726929.48243755,
            "memory_energy_breakdown_per_level": {
                "O": [
                    105369.6,
                    30447737.6
                ],
                "W": [
                    18213067.08243754,
                    35840000
                ],
                "I": [
                    200704.0,
                    26920051.2
                ]
            },
            "memory_energy_breakdown_per_level_per_operand": {
                "O": [
                    {
                        "rd ^": 26342.4,
                        "wr v": 26342.4,
                        "rd v": 26342.4,
                        "wr ^": 26342.4
                    },
                    {
                        "rd ^": 0.0,
                        "wr v": 0.0,
                        "rd v": 13460025.6,
                        "wr ^": 16987712.0
                    }
                ],
                "W": [
                    {
                        "rd ^": 0,
                        "wr v": 18213067.08243754,
                        "rd v": 0,
                        "wr ^": 0.0
                    },
                    {
                        "rd ^": 0,
                        "wr v": 0,
                        "rd v": 35840000,
                        "wr ^": 0
                    }
                ],
                "I": [
                    {
                        "rd ^": 0.0,
                        "wr v": 100352.0,
                        "rd v": 100352.0,
                        "wr ^": 0.0
                    },
                    {
                        "rd ^": 0.0,
                        "wr v": 0.0,
                        "rd v": 26920051.2,
                        "wr ^": 0.0
                    }
                ]
            }
        },
        "latency": {
            "data_onloading": 4.0,
            "computation": 10662398.0,
            "data_offloading": 1.0,
            "computation_breakdown": {
                "mac_computation": 10035200.0,
                "memory_stalling": 627198
            }
        },
        "clock": {
            "tclk (ns)": 24.835963076923072,
            "tclk_breakdown (ns)": {
                "cells": 0,
                "wl_drivers": 0,
                "bl_drivers": 0,
                "dacs": 0,
                "adcs": 23.076923076923073,
                "adders_regular": 0,
                "adders_pv": 0.30592,
                "accumulators": 1.4531200000000002
            }
        },
        "area (mm^2)": {
            "total_area": 1.7917788693388426,
            "total_area_breakdown:": {
                "imc_area": 0.002578869338842562,
                "mem_area": 1.7892
            },
            "total_area_breakdown_further": {
                "imc_area_breakdown": {
                    "cells": 0,
                    "access_tx": 5.0176e-05,
                    "dacs": 0,
                    "adcs": 0.0020846827141356664,
                    "adders_regular": 0,
                    "adders_pv": 1.07757e-05,
                    "accumulators": 0.0004067136,
                    "wl_drivers": 2.069870290229857e-05,
                    "bl_drivers": 5.822621804597131e-06
                },
                "mem_area_breakdown": {
                    "cells": 0,
                    "rf_1B": 0,
                    "rf_2B": 0,
                    "L1_SRAM_512KB": 1.7892,
                    "L2_DRAM": 0
                }
            }
        },
        "spatial": {
            "mac_utilization": {
                "ideal": 1.0,
                "stalls": 0.9411766471294731,
                "stalls_onloading": 0.9411762940470637,
                "stalls_onloading_offloading": 0.9411762057765027
            }
        }
    },
    "inputs": {
        "accelerator": {
            "id": 0,
            "name": "Experiment3_2T2R_pseudo_crossbar_reram-removing-nouse-mem",
            "operational_array": {
                "operational_unit: ImcNvmArray, dimensions": {
                    "D1": 2,
                    "D2": 16
                }
            },
            "memory_hierarchy": [
                "MemoryLevel(instance=cells,operands=[I2], served_dimensions=set())",
                "MemoryLevel(instance=rf_1B,operands=[I1], served_dimensions={D1})",
                "MemoryLevel(instance=rf_2B,operands=[O], served_dimensions={D2})",
                "MemoryLevel(instance=L2_DRAM,operands=[I2], served_dimensions={D1, D2})",
                "MemoryLevel(instance=L1_SRAM_512KB,operands=[I1, O], served_dimensions={D1, D2})"
            ],
            "mem_hierarchy_dict": {
                "I2": [
                    "MemoryLevel(instance=cells,operands=[I2], served_dimensions=set())",
                    "MemoryLevel(instance=L2_DRAM,operands=[I2], served_dimensions={D1, D2})"
                ],
                "I1": [
                    "MemoryLevel(instance=rf_1B,operands=[I1], served_dimensions={D1})",
                    "MemoryLevel(instance=L1_SRAM_512KB,operands=[I1, O], served_dimensions={D1, D2})"
                ],
                "O": [
                    "MemoryLevel(instance=rf_2B,operands=[O], served_dimensions={D2})",
                    "MemoryLevel(instance=L1_SRAM_512KB,operands=[I1, O], served_dimensions={D1, D2})"
                ]
            },
            "dataflows": null,
            "mem_size_dict": {
                "I2": [
                    8,
                    10000000000
                ],
                "I1": [
                    8,
                    4194304
                ],
                "O": [
                    16,
                    4194304
                ]
            },