{
    "outputs": {
        "memory": {
            "utilization": {
                "O": [
                    1.0,
                    0.02880859375
                ],
                "W": [
                    1.0,
                    0.0360710144
                ],
                "I": [
                    1.0,
                    0.02880859375
                ]
            },
            "word_accesses": {
                "O": [
                    {
                        "rd ^": 352256,
                        "wr v": 352256,
                        "rd v": 352256,
                        "wr ^": 352256
                    },
                    {
                        "rd ^": 0,
                        "wr v": 0,
                        "rd v": 11008,
                        "wr ^": 11008
                    }
                ],
                "W": [
                    {
                        "rd ^": 0,
                        "wr v": 45088768,
                        "rd v": 45088768,
                        "wr ^": 0
                    },
                    {
                        "rd ^": 0,
                        "wr v": 0,
                        "rd v": 5636096,
                        "wr ^": 0
                    }
                ],
                "I": [
                    {
                        "rd ^": 0,
                        "wr v": 4096,
                        "rd v": 4096,
                        "wr ^": 0
                    },
                    {
                        "rd ^": 0,
                        "wr v": 0,
                        "rd v": 64,
                        "wr ^": 0
                    }
                ]
            }
        },
        "energy": {
            "energy_total": 6307283951.285126,
            "operational_energy": 5908425.861731775,
            "operational_energy_breakdown": {
                "cells": 762458.1295846193,
                "wl_drivers": 3214098.641925,
                "bl_drivers": 9406.382346315213,
                "dacs": 913047.5520000001,
                "adcs": 987844.4074598401,
                "adders_regular": 0,
                "adders_pv": 21570.748415999995
            },
            "memory_energy": 6301375525.423394,
            "memory_energy_breakdown_per_level": {
                "O": [
                    29589.504,
                    4275110.9120000005
                ],
                "W": [
                    2351792555.311394,
                    3945267200
                ],
                "I": [
                    81.92,
                    10987.776
                ]
            },
            "memory_energy_breakdown_per_level_per_operand": {
                "O": [
                    {
                        "rd ^": 7397.376,
                        "wr v": 7397.376,
                        "rd v": 7397.376,
                        "wr ^": 7397.376
                    },
                    {
                        "rd ^": 0.0,
                        "wr v": 0.0,
                        "rd v": 1889897.472,
                        "wr ^": 2385213.44
                    }
                ],
                "W": [
                    {
                        "rd ^": 0,
                        "wr v": 2351792555.311394,
                        "rd v": 0,
                        "wr ^": 0.0
                    },
                    {
                        "rd ^": 0,
                        "wr v": 0,
                        "rd v": 3945267200,
                        "wr ^": 0
                    }
                ],
                "I": [
                    {
                        "rd ^": 0.0,
                        "wr v": 40.96,
                        "rd v": 40.96,
                        "wr ^": 0.0
                    },
                    {
                        "rd ^": 0.0,
                        "wr v": 0.0,
                        "rd v": 10987.776,
                        "wr ^": 0.0
                    }
                ]
            }
        },
        "latency": {
            "data_onloading": 256.0,
            "computation": 5966081.0,
            "data_offloading": 1.0,
            "computation_breakdown": {
                "mac_computation": 352256.0,
                "memory_stalling": 5613825
            }
        },
        "clock": {
            "tclk (ns)": 24.835963076923072,
            "tclk_breakdown (ns)": {
                "cells": 0,
                "wl_drivers": 0,
                "bl_drivers": 0,
                "dacs": 0,
                "adcs": 23.076923076923073,
                "adders_regular": 0,
                "adders_pv": 0.30592,
                "accumulators": 1.4531200000000002
            }
        },
        "area (mm^2)": {
            "total_area": 1.8057872740377838,
            "total_area_breakdown:": {
                "imc_area": 0.01658727403778399,
                "mem_area": 1.7892
            },
            "total_area_breakdown_further": {
                "imc_area_breakdown": {
                    "cells": 0,
                    "access_tx": 0.003211264,
                    "dacs": 0,
                    "adcs": 0.008338730856542666,
                    "adders_regular": 0,
                    "adders_pv": 8.62056e-05,
                    "accumulators": 0.0032537088,
                    "wl_drivers": 0.0013247169857471084,
                    "bl_drivers": 0.0003726477954942164
                },
                "mem_area_breakdown": {
                    "cells": 0,
                    "rf_1B": 0,
                    "rf_2B": 0,
                    "L1_SRAM_512KB": 1.7892,
                    "L2_DRAM": 0
                }
            }
        },
        "spatial": {
            "mac_utilization": {
                "ideal": 1.0,
                "stalls": 0.05904311389671042,
                "stalls_onloading": 0.059040580510286295,
                "stalls_onloading_offloading": 0.05904057061467185
            }
        }
    },
    "inputs": {
        "accelerator": {
            "id": 0,
            "name": "Experiment3_2T2R_pseudo_crossbar_reram-removing-nouse-mem",
            "operational_array": {
                "operational_unit: ImcNvmArray, dimensions": {
                    "D1": 16,
                    "D2": 128
                }
            },
            "memory_hierarchy": [
                "MemoryLevel(instance=cells,operands=[I2], served_dimensions=set())",
                "MemoryLevel(instance=rf_1B,operands=[I1], served_dimensions={D1})",
                "MemoryLevel(instance=rf_2B,operands=[O], served_dimensions={D2})",
                "MemoryLevel(instance=L2_DRAM,operands=[I2], served_dimensions={D1, D2})",
                "MemoryLevel(instance=L1_SRAM_512KB,operands=[I1, O], served_dimensions={D1, D2})"
            ],
            "mem_hierarchy_dict": {
                "I2": [
                    "MemoryLevel(instance=cells,operands=[I2], served_dimensions=set())",
                    "MemoryLevel(instance=L2_DRAM,operands=[I2], served_dimensions={D1, D2})"
                ],
                "I1": [
                    "MemoryLevel(instance=rf_1B,operands=[I1], served_dimensions={D1})",
                    "MemoryLevel(instance=L1_SRAM_512KB,operands=[I1, O], served_dimensions={D1, D2})"
                ],
                "O": [
                    "MemoryLevel(instance=rf_2B,operands=[O], served_dimensions={D2})",
                    "MemoryLevel(instance=L1_SRAM_512KB,operands=[I1, O], served_dimensions={D1, D2})"
                ]
            },
            "dataflows": null,
            "mem_size_dict": {
                "I2": [
                    8,
                    10000000000
                ],
                "I1": [
                    8,
                    4194304
                ],
                "O": [
                    16,
                    4194304
                ]
            },