{
    "outputs": {
        "memory": {
            "utilization": {
                "O": [
                    1.0,
                    0.0043487548828125
                ],
                "I": [
                    1.0,
                    0.0043487548828125
                ],
                "W": [
                    1.0,
                    0.001024
                ]
            },
            "word_accesses": {
                "O": [
                    {
                        "rd ^": 4960,
                        "wr v": 4960,
                        "rd v": 4960,
                        "wr ^": 4960
                    },
                    {
                        "rd ^": 0,
                        "wr v": 0,
                        "rd v": 160,
                        "wr ^": 160
                    }
                ],
                "I": [
                    {
                        "rd ^": 0,
                        "wr v": 1280,
                        "rd v": 1280,
                        "wr ^": 0
                    },
                    {
                        "rd ^": 0,
                        "wr v": 0,
                        "rd v": 20,
                        "wr ^": 0
                    }
                ],
                "W": [
                    {
                        "rd ^": 0,
                        "wr v": 1280000,
                        "rd v": 1280000,
                        "wr ^": 0
                    },
                    {
                        "rd ^": 0,
                        "wr v": 0,
                        "rd v": 160000,
                        "wr ^": 0
                    }
                ]
            }
        },
        "energy": {
            "energy_total": 190224931.4399152,
            "operational_energy": 140443.15803829755,
            "operational_energy_breakdown": {
                "cells": 21645.000499199996,
                "wl_drivers": 91243.26177339777,
                "bl_drivers": 267.0325656998096,
                "dacs": 12960.000000000002,
                "adcs": 14021.683200000001,
                "adders_regular": 0,
                "adders_pv": 306.17999999999995
            },
            "memory_energy": 190084488.28187692,
            "memory_energy_breakdown_per_level": {
                "O": [
                    416.64000000000004,
                    62138.240000000005
                ],
                "I": [
                    25.6,
                    3433.68
                ],
                "W": [
                    78018474.12187694,
                    112000000
                ]
            },
            "memory_energy_breakdown_per_level_per_operand": {
                "O": [
                    {
                        "rd ^": 104.16000000000001,
                        "wr v": 104.16000000000001,
                        "rd v": 104.16000000000001,
                        "wr ^": 104.16000000000001
                    },
                    {
                        "rd ^": 0.0,
                        "wr v": 0.0,
                        "rd v": 27469.44,
                        "wr ^": 34668.8
                    }
                ],
                "I": [
                    {
                        "rd ^": 0.0,
                        "wr v": 12.8,
                        "rd v": 12.8,
                        "wr ^": 0.0
                    },
                    {
                        "rd ^": 0.0,
                        "wr v": 0.0,
                        "rd v": 3433.68,
                        "wr ^": 0.0
                    }
                ],
                "W": [
                    {
                        "rd ^": 0,
                        "wr v": 78018474.12187694,
                        "rd v": 0,
                        "wr ^": 0.0
                    },
                    {
                        "rd ^": 0,
                        "wr v": 0,
                        "rd v": 112000000,
                        "wr ^": 0
                    }
                ]
            }
        },
        "latency": {
            "data_onloading": 992.0,
            "computation": 160129.0,
            "data_offloading": 1.0,
            "computation_breakdown": {
                "mac_computation": 2560.0,
                "memory_stalling": 157569
            }
        },
        "clock": {
            "tclk (ns)": 24.835963076923072,
            "tclk_breakdown (ns)": {
                "cells": 0,
                "wl_drivers": 0,
                "bl_drivers": 0,
                "dacs": 0,
                "adcs": 23.076923076923073,
                "adders_regular": 0,
                "adders_pv": 0.30592,
                "accumulators": 1.4531200000000002
            }
        },
        "area (mm^2)": {
            "total_area": 1.8321918056380506,
            "total_area_breakdown:": {
                "imc_area": 0.042991805638050634,
                "mem_area": 1.7892
            },
            "total_area_breakdown_further": {
                "imc_area_breakdown": {
                    "cells": 0,
                    "access_tx": 0.012845056,
                    "dacs": 0,
                    "adcs": 0.01667746171308533,
                    "adders_regular": 0,
                    "adders_pv": 0.0001724112,
                    "accumulators": 0.0065074176,
                    "wl_drivers": 0.0052988679429884335,
                    "bl_drivers": 0.0014905911819768655
                },
                "mem_area_breakdown": {
                    "cells": 0,
                    "rf_1B": 0,
                    "rf_2B": 0,
                    "L1_SRAM_512KB": 1.7892,
                    "L2_DRAM": 0
                }
            }
        },
        "spatial": {
            "mac_utilization": {
                "ideal": 0.98125,
                "stalls": 0.015687352072391633,
                "stalls_onloading": 0.015590767187393325,
                "stalls_onloading_offloading": 0.015590670423654125
            }
        }
    },
    "inputs": {
        "accelerator": {
            "id": 0,
            "name": "Experiment3_2T2R_pseudo_crossbar_reram-removing-nouse-mem",
            "operational_array": {
                "operational_unit: ImcNvmArray, dimensions": {
                    "D1": 32,
                    "D2": 256
                }
            },
            "memory_hierarchy": [
                "MemoryLevel(instance=cells,operands=[I2], served_dimensions=set())",
                "MemoryLevel(instance=rf_1B,operands=[I1], served_dimensions={D1})",
                "MemoryLevel(instance=rf_2B,operands=[O], served_dimensions={D2})",
                "MemoryLevel(instance=L2_DRAM,operands=[I2], served_dimensions={D1, D2})",
                "MemoryLevel(instance=L1_SRAM_512KB,operands=[I1, O], served_dimensions={D1, D2})"
            ],
            "mem_hierarchy_dict": {
                "I2": [
                    "MemoryLevel(instance=cells,operands=[I2], served_dimensions=set())",
                    "MemoryLevel(instance=L2_DRAM,operands=[I2], served_dimensions={D1, D2})"
                ],
                "I1": [
                    "MemoryLevel(instance=rf_1B,operands=[I1], served_dimensions={D1})",
                    "MemoryLevel(instance=L1_SRAM_512KB,operands=[I1, O], served_dimensions={D1, D2})"
                ],
                "O": [
                    "MemoryLevel(instance=rf_2B,operands=[O], served_dimensions={D2})",
                    "MemoryLevel(instance=L1_SRAM_512KB,operands=[I1, O], served_dimensions={D1, D2})"
                ]
            },
            "dataflows": null,
            "mem_size_dict": {
                "I2": [
                    8,
                    10000000000
                ],
                "I1": [
                    8,
                    4194304
                ],