{
    "outputs": {
        "memory": {
            "utilization": {
                "O": [
                    1.0,
                    0.11962890625
                ],
                "W": [
                    1.0,
                    0.00024576
                ],
                "I": [
                    1.0,
                    0.11962890625
                ]
            },
            "word_accesses": {
                "O": [
                    {
                        "rd ^": 62720,
                        "wr v": 62720,
                        "rd v": 62720,
                        "wr ^": 62720
                    },
                    {
                        "rd ^": 0,
                        "wr v": 0,
                        "rd v": 1960,
                        "wr ^": 1960
                    }
                ],
                "W": [
                    {
                        "rd ^": 0,
                        "wr v": 307200,
                        "rd v": 307200,
                        "wr ^": 0
                    },
                    {
                        "rd ^": 0,
                        "wr v": 0,
                        "rd v": 38400,
                        "wr ^": 0
                    }
                ],
                "I": [
                    {
                        "rd ^": 0,
                        "wr v": 470400,
                        "rd v": 470400,
                        "wr ^": 0
                    },
                    {
                        "rd ^": 0,
                        "wr v": 0,
                        "rd v": 7350,
                        "wr ^": 0
                    }
                ]
            }
        },
        "energy": {
            "energy_total": 49293792.64778084,
            "operational_energy": 1651611.5385303795,
            "operational_energy_breakdown": {
                "cells": 254545.20587059195,
                "wl_drivers": 1073020.7584551577,
                "bl_drivers": 3140.302972629761,
                "dacs": 152409.60000000003,
                "adcs": 164894.994432,
                "adders_regular": 0,
                "adders_pv": 3600.6767999999993
            },
            "memory_energy": 47642181.10925046,
            "memory_energy_breakdown_per_level": {
                "O": [
                    5268.4800000000005,
                    761193.44
                ],
                "W": [
                    18724433.789250467,
                    26880000
                ],
                "I": [
                    9408.0,
                    1261877.4
                ]
            },
            "memory_energy_breakdown_per_level_per_operand": {
                "O": [
                    {
                        "rd ^": 1317.1200000000001,
                        "wr v": 1317.1200000000001,
                        "rd v": 1317.1200000000001,
                        "wr ^": 1317.1200000000001
                    },
                    {
                        "rd ^": 0.0,
                        "wr v": 0.0,
                        "rd v": 336500.64,
                        "wr ^": 424692.8
                    }
                ],
                "W": [
                    {
                        "rd ^": 0,
                        "wr v": 18724433.789250467,
                        "rd v": 0,
                        "wr ^": 0.0
                    },
                    {
                        "rd ^": 0,
                        "wr v": 0,
                        "rd v": 26880000,
                        "wr ^": 0
                    }
                ],
                "I": [
                    {
                        "rd ^": 0.0,
                        "wr v": 4704.0,
                        "rd v": 4704.0,
                        "wr ^": 0.0
                    },
                    {
                        "rd ^": 0.0,
                        "wr v": 0.0,
                        "rd v": 1261877.4,
                        "wr ^": 0.0
                    }
                ]
            }
        },
        "latency": {
            "data_onloading": 960.0,
            "computation": 68761.0,
            "data_offloading": 1.0,
            "computation_breakdown": {
                "mac_computation": 31360.0,
                "memory_stalling": 37401
            }
        },
        "clock": {
            "tclk (ns)": 24.835963076923072,
            "tclk_breakdown (ns)": {
                "cells": 0,
                "wl_drivers": 0,
                "bl_drivers": 0,
                "dacs": 0,
                "adcs": 23.076923076923073,
                "adders_regular": 0,
                "adders_pv": 0.30592,
                "accumulators": 1.4531200000000002
            }
        },
        "area (mm^2)": {
            "total_area": 1.8321918056380506,
            "total_area_breakdown:": {
                "imc_area": 0.042991805638050634,
                "mem_area": 1.7892
            },
            "total_area_breakdown_further": {
                "imc_area_breakdown": {
                    "cells": 0,
                    "access_tx": 0.012845056,
                    "dacs": 0,
                    "adcs": 0.01667746171308533,
                    "adders_regular": 0,
                    "adders_pv": 0.0001724112,
                    "accumulators": 0.0065074176,
                    "wl_drivers": 0.0052988679429884335,
                    "bl_drivers": 0.0014905911819768655
                },
                "mem_area_breakdown": {
                    "cells": 0,
                    "rf_1B": 0,
                    "rf_2B": 0,
                    "L1_SRAM_512KB": 1.7892,
                    "L2_DRAM": 0
                }
            }
        },
        "spatial": {
            "mac_utilization": {
                "ideal": 0.9377551020408164,
                "stalls": 0.42768429778508166,
                "stalls_onloading": 0.42179544183244644,
                "stalls_onloading_offloading": 0.4217893921574252
            }
        }
    },
    "inputs": {
        "accelerator": {
            "id": 0,
            "name": "Experiment3_2T2R_pseudo_crossbar_reram-removing-nouse-mem",
            "operational_array": {
                "operational_unit: ImcNvmArray, dimensions": {
                    "D1": 32,
                    "D2": 256
                }
            },
            "memory_hierarchy": [
                "MemoryLevel(instance=cells,operands=[I2], served_dimensions=set())",
                "MemoryLevel(instance=rf_1B,operands=[I1], served_dimensions={D1})",
                "MemoryLevel(instance=rf_2B,operands=[O], served_dimensions={D2})",
                "MemoryLevel(instance=L2_DRAM,operands=[I2], served_dimensions={D1, D2})",
                "MemoryLevel(instance=L1_SRAM_512KB,operands=[I1, O], served_dimensions={D1, D2})"
            ],
            "mem_hierarchy_dict": {
                "I2": [
                    "MemoryLevel(instance=cells,operands=[I2], served_dimensions=set())",
                    "MemoryLevel(instance=L2_DRAM,operands=[I2], served_dimensions={D1, D2})"
                ],
                "I1": [
                    "MemoryLevel(instance=rf_1B,operands=[I1], served_dimensions={D1})",
                    "MemoryLevel(instance=L1_SRAM_512KB,operands=[I1, O], served_dimensions={D1, D2})"
                ],
                "O": [
                    "MemoryLevel(instance=rf_2B,operands=[O], served_dimensions={D2})",
                    "MemoryLevel(instance=L1_SRAM_512KB,operands=[I1, O], served_dimensions={D1, D2})"
                ]
            },
            "dataflows": null,
            "mem_size_dict": {
                "I2": [
                    8,
                    10000000000
                ],
                "I1": [
                    8,
                    4194304
                ],