{
    "outputs": {
        "memory": {
            "utilization": {
                "O": [
                    0.5,
                    0.57421875
                ],
                "W": [
                    1.0,
                    1.3824e-06
                ],
                "I": [
                    1.0,
                    0.57421875
                ]
            },
            "word_accesses": {
                "O": [
                    {
                        "rd ^": 150528,
                        "wr v": 0,
                        "rd v": 0,
                        "wr ^": 150528
                    },
                    {
                        "rd ^": 0,
                        "wr v": 0,
                        "rd v": 0,
                        "wr ^": 18816
                    }
                ],
                "W": [
                    {
                        "rd ^": 0,
                        "wr v": 1728,
                        "rd v": 1728,
                        "wr ^": 0
                    },
                    {
                        "rd ^": 0,
                        "wr v": 0,
                        "rd v": 384,
                        "wr ^": 0
                    }
                ],
                "I": [
                    {
                        "rd ^": 0,
                        "wr v": 1354752,
                        "rd v": 1354752,
                        "wr ^": 0
                    },
                    {
                        "rd ^": 0,
                        "wr v": 0,
                        "rd v": 37632,
                        "wr ^": 0
                    }
                ]
            }
        },
        "energy": {
            "energy_total": 14937946.815858835,
            "operational_energy": 3992541.4917943007,
            "operational_energy_breakdown": {
                "cells": 22909.068528353277,
                "wl_drivers": 3090299.784350854,
                "bl_drivers": 9044.07256117371,
                "dacs": 438939.64800000004,
                "adcs": 422131.18574592005,
                "adders_regular": 0,
                "adders_pv": 9217.732607999998
            },
            "memory_energy": 10945405.324064534,
            "memory_energy_breakdown_per_level": {
                "O": [
                    6322.176,
                    4077050.8800000004
                ],
                "W": [
                    105324.94006453388,
                    268800
                ],
                "I": [
                    27095.04,
                    6460812.288
                ]
            },
            "memory_energy_breakdown_per_level_per_operand": {
                "O": [
                    {
                        "rd ^": 3161.088,
                        "wr v": 0.0,
                        "rd v": 0.0,
                        "wr ^": 3161.088
                    },
                    {
                        "rd ^": 0.0,
                        "wr v": 0.0,
                        "rd v": 0.0,
                        "wr ^": 4077050.8800000004
                    }
                ],
                "W": [
                    {
                        "rd ^": 0,
                        "wr v": 105324.94006453388,
                        "rd v": 0,
                        "wr ^": 0.0
                    },
                    {
                        "rd ^": 0,
                        "wr v": 0,
                        "rd v": 268800,
                        "wr ^": 0
                    }
                ],
                "I": [
                    {
                        "rd ^": 0.0,
                        "wr v": 13547.52,
                        "rd v": 13547.52,
                        "wr ^": 0.0
                    },
                    {
                        "rd ^": 0.0,
                        "wr v": 0.0,
                        "rd v": 6460812.288,
                        "wr ^": 0.0
                    }
                ]
            }
        },
        "latency": {
            "data_onloading": 2.0,
            "computation": 301247.0,
            "data_offloading": 1.0,
            "computation_breakdown": {
                "mac_computation": 301056.0,
                "memory_stalling": 191
            }
        },
        "clock": {
            "tclk (ns)": 24.835963076923072,
            "tclk_breakdown (ns)": {
                "cells": 0,
                "wl_drivers": 0,
                "bl_drivers": 0,
                "dacs": 0,
                "adcs": 23.076923076923073,
                "adders_regular": 0,
                "adders_pv": 0.30592,
                "accumulators": 1.4531200000000002
            }
        },
        "area (mm^2)": {
            "total_area": 1.8321918056380506,
            "total_area_breakdown:": {
                "imc_area": 0.042991805638050634,
                "mem_area": 1.7892
            },
            "total_area_breakdown_further": {
                "imc_area_breakdown": {
                    "cells": 0,
                    "access_tx": 0.012845056,
                    "dacs": 0,
                    "adcs": 0.01667746171308533,
                    "adders_regular": 0,
                    "adders_pv": 0.0001724112,
                    "accumulators": 0.0065074176,
                    "wl_drivers": 0.0052988679429884335,
                    "bl_drivers": 0.0014905911819768655
                },
                "mem_area_breakdown": {
                    "cells": 0,
                    "rf_1B": 0,
                    "rf_2B": 0,
                    "L1_SRAM_512KB": 1.7892,
                    "L2_DRAM": 0
                }
            }
        },
        "spatial": {
            "mac_utilization": {
                "ideal": 0.0011027848639455782,
                "stalls": 0.0011020856639236242,
                "stalls_onloading": 0.0011020783471480404,
                "stalls_onloading_offloading": 0.0011020746887966805
            }
        }
    },
    "inputs": {
        "accelerator": {
            "id": 0,
            "name": "Experiment3_2T2R_pseudo_crossbar_reram-removing-nouse-mem",
            "operational_array": {
                "operational_unit: ImcNvmArray, dimensions": {
                    "D1": 32,
                    "D2": 256
                }
            },
            "memory_hierarchy": [
                "MemoryLevel(instance=cells,operands=[I2], served_dimensions=set())",
                "MemoryLevel(instance=rf_1B,operands=[I1], served_dimensions={D1})",
                "MemoryLevel(instance=rf_2B,operands=[O], served_dimensions={D2})",
                "MemoryLevel(instance=L2_DRAM,operands=[I2], served_dimensions={D1, D2})",
                "MemoryLevel(instance=L1_SRAM_512KB,operands=[I1, O], served_dimensions={D1, D2})"
            ],
            "mem_hierarchy_dict": {
                "I2": [
                    "MemoryLevel(instance=cells,operands=[I2], served_dimensions=set())",
                    "MemoryLevel(instance=L2_DRAM,operands=[I2], served_dimensions={D1, D2})"
                ],
                "I1": [
                    "MemoryLevel(instance=rf_1B,operands=[I1], served_dimensions={D1})",
                    "MemoryLevel(instance=L1_SRAM_512KB,operands=[I1, O], served_dimensions={D1, D2})"
                ],
                "O": [
                    "MemoryLevel(instance=rf_2B,operands=[O], served_dimensions={D2})",
                    "MemoryLevel(instance=L1_SRAM_512KB,operands=[I1, O], served_dimensions={D1, D2})"
                ]
            },
            "dataflows": null,
            "mem_size_dict": {
                "I2": [
                    8,
                    10000000000
                ],
                "I1": [
                    8,
                    4194304
                ],
                "O": [
                    16,
                    4194304
                ]
            },