{
    "outputs": {
        "memory": {
            "utilization": {
                "O": [
                    1.0,
                    0.1495361328125
                ],
                "W": [
                    1.0,
                    0.00032768
                ],
                "I": [
                    1.0,
                    0.1495361328125
                ]
            },
            "word_accesses": {
                "O": [
                    {
                        "rd ^": 125440,
                        "wr v": 125440,
                        "rd v": 125440,
                        "wr ^": 125440
                    },
                    {
                        "rd ^": 0,
                        "wr v": 0,
                        "rd v": 3920,
                        "wr ^": 3920
                    }
                ],
                "W": [
                    {
                        "rd ^": 0,
                        "wr v": 409600,
                        "rd v": 409600,
                        "wr ^": 0
                    },
                    {
                        "rd ^": 0,
                        "wr v": 0,
                        "rd v": 51200,
                        "wr ^": 0
                    }
                ],
                "I": [
                    {
                        "rd ^": 0,
                        "wr v": 627200,
                        "rd v": 627200,
                        "wr ^": 0
                    },
                    {
                        "rd ^": 0,
                        "wr v": 0,
                        "rd v": 9800,
                        "wr ^": 0
                    }
                ]
            }
        },
        "energy": {
            "energy_total": 66236031.47704113,
            "operational_energy": 2202148.718040506,
            "operational_energy_breakdown": {
                "cells": 339393.6078274559,
                "wl_drivers": 1430694.344606877,
                "bl_drivers": 4187.070630173014,
                "dacs": 203212.80000000005,
                "adcs": 219859.99257600002,
                "adders_regular": 0,
                "adders_pv": 4800.902399999999
            },
            "memory_energy": 64033882.75900063,
            "memory_energy_breakdown_per_level": {
                "O": [
                    10536.960000000001,
                    1522386.88
                ],
                "W": [
                    24965911.719000623,
                    35840000
                ],
                "I": [
                    12544.0,
                    1682503.2
                ]
            },
            "memory_energy_breakdown_per_level_per_operand": {
                "O": [
                    {
                        "rd ^": 2634.2400000000002,
                        "wr v": 2634.2400000000002,
                        "rd v": 2634.2400000000002,
                        "wr ^": 2634.2400000000002
                    },
                    {
                        "rd ^": 0.0,
                        "wr v": 0.0,
                        "rd v": 673001.28,
                        "wr ^": 849385.6
                    }
                ],
                "W": [
                    {
                        "rd ^": 0,
                        "wr v": 24965911.719000623,
                        "rd v": 0,
                        "wr ^": 0.0
                    },
                    {
                        "rd ^": 0,
                        "wr v": 0,
                        "rd v": 35840000,
                        "wr ^": 0
                    }
                ],
                "I": [
                    {
                        "rd ^": 0.0,
                        "wr v": 6272.0,
                        "rd v": 6272.0,
                        "wr ^": 0.0
                    },
                    {
                        "rd ^": 0.0,
                        "wr v": 0.0,
                        "rd v": 1682503.2,
                        "wr ^": 0.0
                    }
                ]
            }
        },
        "latency": {
            "data_onloading": 640.0,
            "computation": 113201.0,
            "data_offloading": 1.0,
            "computation_breakdown": {
                "mac_computation": 62720.0,
                "memory_stalling": 50481
            }
        },
        "clock": {
            "tclk (ns)": 24.835963076923072,
            "tclk_breakdown (ns)": {
                "cells": 0,
                "wl_drivers": 0,
                "bl_drivers": 0,
                "dacs": 0,
                "adcs": 23.076923076923073,
                "adders_regular": 0,
                "adders_pv": 0.30592,
                "accumulators": 1.4531200000000002
            }
        },
        "area (mm^2)": {
            "total_area": 1.8321918056380506,
            "total_area_breakdown:": {
                "imc_area": 0.042991805638050634,
                "mem_area": 1.7892
            },
            "total_area_breakdown_further": {
                "imc_area_breakdown": {
                    "cells": 0,
                    "access_tx": 0.012845056,
                    "dacs": 0,
                    "adcs": 0.01667746171308533,
                    "adders_regular": 0,
                    "adders_pv": 0.0001724112,
                    "accumulators": 0.0065074176,
                    "wl_drivers": 0.0052988679429884335,
                    "bl_drivers": 0.0014905911819768655
                },
                "mem_area_breakdown": {
                    "cells": 0,
                    "rf_1B": 0,
                    "rf_2B": 0,
                    "L1_SRAM_512KB": 1.7892,
                    "L2_DRAM": 0
                }
            }
        },
        "spatial": {
            "mac_utilization": {
                "ideal": 0.625,
                "stalls": 0.3462866935804454,
                "stalls_onloading": 0.34433991268523645,
                "stalls_onloading_offloading": 0.344336887967534
            }
        }
    },
    "inputs": {
        "accelerator": {
            "id": 0,
            "name": "Experiment3_2T2R_pseudo_crossbar_reram-removing-nouse-mem",
            "operational_array": {
                "operational_unit: ImcNvmArray, dimensions": {
                    "D1": 32,
                    "D2": 256
                }
            },
            "memory_hierarchy": [
                "MemoryLevel(instance=cells,operands=[I2], served_dimensions=set())",
                "MemoryLevel(instance=rf_1B,operands=[I1], served_dimensions={D1})",
                "MemoryLevel(instance=rf_2B,operands=[O], served_dimensions={D2})",
                "MemoryLevel(instance=L2_DRAM,operands=[I2], served_dimensions={D1, D2})",
                "MemoryLevel(instance=L1_SRAM_512KB,operands=[I1, O], served_dimensions={D1, D2})"
            ],
            "mem_hierarchy_dict": {
                "I2": [
                    "MemoryLevel(instance=cells,operands=[I2], served_dimensions=set())",
                    "MemoryLevel(instance=L2_DRAM,operands=[I2], served_dimensions={D1, D2})"
                ],
                "I1": [
                    "MemoryLevel(instance=rf_1B,operands=[I1], served_dimensions={D1})",
                    "MemoryLevel(instance=L1_SRAM_512KB,operands=[I1, O], served_dimensions={D1, D2})"
                ],
                "O": [
                    "MemoryLevel(instance=rf_2B,operands=[O], served_dimensions={D2})",
                    "MemoryLevel(instance=L1_SRAM_512KB,operands=[I1, O], served_dimensions={D1, D2})"
                ]
            },
            "dataflows": null,
            "mem_size_dict": {
                "I2": [
                    8,
                    10000000000
                ],
                "I1": [
                    8,
                    4194304
                ],