{
    "energy": 1647234538.161296,
    "latency": 7890818.53125
}