{
    "outputs": {
        "memory": {
            "utilization": {
                "O": [
                    1.0,
                    0.287109375
                ],
                "W": [
                    1.0,
                    2.7648e-06
                ],
                "I": [
                    1.0,
                    0.287109375
                ]
            },
            "word_accesses": {
                "O": [
                    {
                        "rd ^": 37632,
                        "wr v": 0,
                        "rd v": 0,
                        "wr ^": 75264
                    },
                    {
                        "rd ^": 0,
                        "wr v": 0,
                        "rd v": 0,
                        "wr ^": 4704
                    }
                ],
                "W": [
                    {
                        "rd ^": 0,
                        "wr v": 3456,
                        "rd v": 3456,
                        "wr ^": 0
                    },
                    {
                        "rd ^": 0,
                        "wr v": 0,
                        "rd v": 768,
                        "wr ^": 0
                    }
                ],
                "I": [
                    {
                        "rd ^": 0,
                        "wr v": 677376,
                        "rd v": 677376,
                        "wr ^": 0
                    },
                    {
                        "rd ^": 0,
                        "wr v": 0,
                        "rd v": 18816,
                        "wr ^": 0
                    }
                ]
            }
        },
        "energy": {
            "energy_total": 8620555.3562113,
            "operational_energy": 3545942.674353164,
            "operational_energy_breakdown": {
                "cells": 11454.534264176638,
                "wl_drivers": 3090299.784350854,
                "bl_drivers": 9044.07256117371,
                "dacs": 219469.82400000002,
                "adcs": 211065.59287296003,
                "adders_regular": 0,
                "adders_pv": 4608.866303999999
            },
            "memory_energy": 5074612.681858135,
            "memory_energy_breakdown_per_level": {
                "O": [
                    2370.8160000000003,
                    1019262.7200000001
                ],
                "W": [
                    271425.48185813555,
                    537600
                ],
                "I": [
                    13547.52,
                    3230406.144
                ]
            },
            "memory_energy_breakdown_per_level_per_operand": {
                "O": [
                    {
                        "rd ^": 790.272,
                        "wr v": 0.0,
                        "rd v": 0.0,
                        "wr ^": 1580.544
                    },
                    {
                        "rd ^": 0.0,
                        "wr v": 0.0,
                        "rd v": 0.0,
                        "wr ^": 1019262.7200000001
                    }
                ],
                "W": [
                    {
                        "rd ^": 0,
                        "wr v": 271425.48185813555,
                        "rd v": 0,
                        "wr ^": 0.0
                    },
                    {
                        "rd ^": 0,
                        "wr v": 0,
                        "rd v": 537600,
                        "wr ^": 0
                    }
                ],
                "I": [
                    {
                        "rd ^": 0.0,
                        "wr v": 6773.76,
                        "rd v": 6773.76,
                        "wr ^": 0.0
                    },
                    {
                        "rd ^": 0.0,
                        "wr v": 0.0,
                        "rd v": 3230406.144,
                        "wr ^": 0.0
                    }
                ]
            }
        },
        "latency": {
            "data_onloading": 2.0,
            "computation": 150911.0,
            "data_offloading": 1.0,
            "computation_breakdown": {
                "mac_computation": 150528.0,
                "memory_stalling": 383
            }
        },
        "clock": {
            "tclk (ns)": 24.835963076923072,
            "tclk_breakdown (ns)": {
                "cells": 0,
                "wl_drivers": 0,
                "bl_drivers": 0,
                "dacs": 0,
                "adcs": 23.076923076923073,
                "adders_regular": 0,
                "adders_pv": 0.30592,
                "accumulators": 1.4531200000000002
            }
        },
        "area (mm^2)": {
            "total_area": 1.9144526415260317,
            "total_area_breakdown:": {
                "imc_area": 0.12525264152603185,
                "mem_area": 1.7892
            },
            "total_area_breakdown_further": {
                "imc_area_breakdown": {
                    "cells": 0,
                    "access_tx": 0.051380224,
                    "dacs": 0,
                    "adcs": 0.03335492342617066,
                    "adders_regular": 0,
                    "adders_pv": 0.0003448224,
                    "accumulators": 0.0130148352,
                    "wl_drivers": 0.021195471771953734,
                    "bl_drivers": 0.005962364727907462
                },
                "mem_area_breakdown": {
                    "cells": 0,
                    "rf_1B": 0,
                    "rf_2B": 0,
                    "L1_SRAM_512KB": 1.7892,
                    "L2_DRAM": 0
                }
            }
        },
        "spatial": {
            "mac_utilization": {
                "ideal": 0.00027901785714285713,
                "stalls": 0.0002783097322262791,
                "stalls_onloading": 0.00027830604387958625,
                "stalls_onloading_offloading": 0.00027830419974289995
            }
        }
    },
    "inputs": {
        "accelerator": {
            "id": 0,
            "name": "Experiment3_2T2R_pseudo_crossbar_reram-removing-nouse-mem",
            "operational_array": {
                "operational_unit: ImcNvmArray, dimensions": {
                    "D1": 64,
                    "D2": 512
                }
            },
            "memory_hierarchy": [
                "MemoryLevel(instance=cells,operands=[I2], served_dimensions=set())",
                "MemoryLevel(instance=rf_1B,operands=[I1], served_dimensions={D1})",
                "MemoryLevel(instance=rf_2B,operands=[O], served_dimensions={D2})",
                "MemoryLevel(instance=L2_DRAM,operands=[I2], served_dimensions={D1, D2})",
                "MemoryLevel(instance=L1_SRAM_512KB,operands=[I1, O], served_dimensions={D1, D2})"
            ],
            "mem_hierarchy_dict": {
                "I2": [
                    "MemoryLevel(instance=cells,operands=[I2], served_dimensions=set())",
                    "MemoryLevel(instance=L2_DRAM,operands=[I2], served_dimensions={D1, D2})"
                ],
                "I1": [
                    "MemoryLevel(instance=rf_1B,operands=[I1], served_dimensions={D1})",
                    "MemoryLevel(instance=L1_SRAM_512KB,operands=[I1, O], served_dimensions={D1, D2})"
                ],
                "O": [
                    "MemoryLevel(instance=rf_2B,operands=[O], served_dimensions={D2})",
                    "MemoryLevel(instance=L1_SRAM_512KB,operands=[I1, O], served_dimensions={D1, D2})"
                ]
            },
            "dataflows": null,
            "mem_size_dict": {
                "I2": [
                    8,
                    10000000000
                ],
                "I1": [
                    8,
                    4194304
                ],
                "O": [
                    16,
                    4194304
                ]
            },