{
    "outputs": {
        "memory": {
            "utilization": {
                "O": [
                    1.0,
                    0.4306640625
                ],
                "W": [
                    1.0,
                    4.1472e-06
                ],
                "I": [
                    1.0,
                    0.4306640625
                ]
            },
            "word_accesses": {
                "O": [
                    {
                        "rd ^": 56448,
                        "wr v": 0,
                        "rd v": 0,
                        "wr ^": 112896
                    },
                    {
                        "rd ^": 0,
                        "wr v": 0,
                        "rd v": 0,
                        "wr ^": 7056
                    }
                ],
                "W": [
                    {
                        "rd ^": 0,
                        "wr v": 5184,
                        "rd v": 5184,
                        "wr ^": 0
                    },
                    {
                        "rd ^": 0,
                        "wr v": 0,
                        "rd v": 1152,
                        "wr ^": 0
                    }
                ],
                "I": [
                    {
                        "rd ^": 0,
                        "wr v": 1016064,
                        "rd v": 1016064,
                        "wr ^": 0
                    },
                    {
                        "rd ^": 0,
                        "wr v": 0,
                        "rd v": 28224,
                        "wr ^": 0
                    }
                ]
            }
        },
        "energy": {
            "energy_total": 12930833.03431695,
            "operational_energy": 5318914.011529747,
            "operational_energy_breakdown": {
                "cells": 17181.801396264957,
                "wl_drivers": 4635449.676526281,
                "bl_drivers": 13566.108841760568,
                "dacs": 329204.73600000003,
                "adcs": 316598.38930944004,
                "adders_regular": 0,
                "adders_pv": 6913.299455999998
            },
            "memory_energy": 7611919.022787203,
            "memory_energy_breakdown_per_level": {
                "O": [
                    3556.224,
                    1528894.08
                ],
                "W": [
                    407138.2227872033,
                    806400
                ],
                "I": [
                    20321.28,
                    4845609.216
                ]
            },
            "memory_energy_breakdown_per_level_per_operand": {
                "O": [
                    {
                        "rd ^": 1185.4080000000001,
                        "wr v": 0.0,
                        "rd v": 0.0,
                        "wr ^": 2370.8160000000003
                    },
                    {
                        "rd ^": 0.0,
                        "wr v": 0.0,
                        "rd v": 0.0,
                        "wr ^": 1528894.08
                    }
                ],
                "W": [
                    {
                        "rd ^": 0,
                        "wr v": 407138.2227872033,
                        "rd v": 0,
                        "wr ^": 0.0
                    },
                    {
                        "rd ^": 0,
                        "wr v": 0,
                        "rd v": 806400,
                        "wr ^": 0
                    }
                ],
                "I": [
                    {
                        "rd ^": 0.0,
                        "wr v": 10160.64,
                        "rd v": 10160.64,
                        "wr ^": 0.0
                    },
                    {
                        "rd ^": 0.0,
                        "wr v": 0.0,
                        "rd v": 4845609.216,
                        "wr ^": 0.0
                    }
                ]
            }
        },
        "latency": {
            "data_onloading": 2.0,
            "computation": 226367.0,
            "data_offloading": 1.0,
            "computation_breakdown": {
                "mac_computation": 225792.0,
                "memory_stalling": 575
            }
        },
        "clock": {
            "tclk (ns)": 24.835963076923072,
            "tclk_breakdown (ns)": {
                "cells": 0,
                "wl_drivers": 0,
                "bl_drivers": 0,
                "dacs": 0,
                "adcs": 23.076923076923073,
                "adders_regular": 0,
                "adders_pv": 0.30592,
                "accumulators": 1.4531200000000002
            }
        },
        "area (mm^2)": {
            "total_area": 1.9144526415260317,
            "total_area_breakdown:": {
                "imc_area": 0.12525264152603185,
                "mem_area": 1.7892
            },
            "total_area_breakdown_further": {
                "imc_area_breakdown": {
                    "cells": 0,
                    "access_tx": 0.051380224,
                    "dacs": 0,
                    "adcs": 0.03335492342617066,
                    "adders_regular": 0,
                    "adders_pv": 0.0003448224,
                    "accumulators": 0.0130148352,
                    "wl_drivers": 0.021195471771953734,
                    "bl_drivers": 0.005962364727907462
                },
                "mem_area_breakdown": {
                    "cells": 0,
                    "rf_1B": 0,
                    "rf_2B": 0,
                    "L1_SRAM_512KB": 1.7892,
                    "L2_DRAM": 0
                }
            }
        },
        "spatial": {
            "mac_utilization": {
                "ideal": 0.0002834467120181406,
                "stalls": 0.0002827267225346451,
                "stalls_onloading": 0.00028272422460672616,
                "stalls_onloading_offloading": 0.0002827229756593188
            }
        }
    },
    "inputs": {
        "accelerator": {
            "id": 0,
            "name": "Experiment3_2T2R_pseudo_crossbar_reram-removing-nouse-mem",
            "operational_array": {
                "operational_unit: ImcNvmArray, dimensions": {
                    "D1": 64,
                    "D2": 512
                }
            },
            "memory_hierarchy": [
                "MemoryLevel(instance=cells,operands=[I2], served_dimensions=set())",
                "MemoryLevel(instance=rf_1B,operands=[I1], served_dimensions={D1})",
                "MemoryLevel(instance=rf_2B,operands=[O], served_dimensions={D2})",
                "MemoryLevel(instance=L2_DRAM,operands=[I2], served_dimensions={D1, D2})",
                "MemoryLevel(instance=L1_SRAM_512KB,operands=[I1, O], served_dimensions={D1, D2})"
            ],
            "mem_hierarchy_dict": {
                "I2": [
                    "MemoryLevel(instance=cells,operands=[I2], served_dimensions=set())",
                    "MemoryLevel(instance=L2_DRAM,operands=[I2], served_dimensions={D1, D2})"
                ],
                "I1": [
                    "MemoryLevel(instance=rf_1B,operands=[I1], served_dimensions={D1})",
                    "MemoryLevel(instance=L1_SRAM_512KB,operands=[I1, O], served_dimensions={D1, D2})"
                ],
                "O": [
                    "MemoryLevel(instance=rf_2B,operands=[O], served_dimensions={D2})",
                    "MemoryLevel(instance=L1_SRAM_512KB,operands=[I1, O], served_dimensions={D1, D2})"
                ]
            },
            "dataflows": null,
            "mem_size_dict": {
                "I2": [
                    8,
                    10000000000
                ],
                "I1": [
                    8,
                    4194304
                ],
                "O": [
                    16,
                    4194304
                ]
            },