{
    "outputs": {
        "memory": {
            "utilization": {
                "O": [
                    1.0,
                    0.11962890625
                ],
                "W": [
                    1.0,
                    0.00024576
                ],
                "I": [
                    1.0,
                    0.11962890625
                ]
            },
            "word_accesses": {
                "O": [
                    {
                        "rd ^": 31360,
                        "wr v": 31360,
                        "rd v": 31360,
                        "wr ^": 31360
                    },
                    {
                        "rd ^": 0,
                        "wr v": 0,
                        "rd v": 980,
                        "wr ^": 980
                    }
                ],
                "W": [
                    {
                        "rd ^": 0,
                        "wr v": 307200,
                        "rd v": 307200,
                        "wr ^": 0
                    },
                    {
                        "rd ^": 0,
                        "wr v": 0,
                        "rd v": 38400,
                        "wr ^": 0
                    }
                ],
                "I": [
                    {
                        "rd ^": 0,
                        "wr v": 235200,
                        "rd v": 235200,
                        "wr ^": 0
                    },
                    {
                        "rd ^": 0,
                        "wr v": 0,
                        "rd v": 3675,
                        "wr ^": 0
                    }
                ]
            }
        },
        "energy": {
            "energy_total": 53516742.06141532,
            "operational_energy": 1491158.9029143795,
            "operational_energy_breakdown": {
                "cells": 254545.20587059195,
                "wl_drivers": 1073020.7584551577,
                "bl_drivers": 3140.302972629761,
                "dacs": 76204.80000000002,
                "adcs": 82447.497216,
                "adders_regular": 0,
                "adders_pv": 1800.3383999999996
            },
            "memory_energy": 52025583.15850094,
            "memory_energy_breakdown_per_level": {
                "O": [
                    2634.2400000000002,
                    380596.72
                ],
                "W": [
                    24126709.498500936,
                    26880000
                ],
                "I": [
                    4704.0,
                    630938.7
                ]
            },
            "memory_energy_breakdown_per_level_per_operand": {
                "O": [
                    {
                        "rd ^": 658.5600000000001,
                        "wr v": 658.5600000000001,
                        "rd v": 658.5600000000001,
                        "wr ^": 658.5600000000001
                    },
                    {
                        "rd ^": 0.0,
                        "wr v": 0.0,
                        "rd v": 168250.32,
                        "wr ^": 212346.4
                    }
                ],
                "W": [
                    {
                        "rd ^": 0,
                        "wr v": 24126709.498500936,
                        "rd v": 0,
                        "wr ^": 0.0
                    },
                    {
                        "rd ^": 0,
                        "wr v": 0,
                        "rd v": 26880000,
                        "wr ^": 0
                    }
                ],
                "I": [
                    {
                        "rd ^": 0.0,
                        "wr v": 2352.0,
                        "rd v": 2352.0,
                        "wr ^": 0.0
                    },
                    {
                        "rd ^": 0.0,
                        "wr v": 0.0,
                        "rd v": 630938.7,
                        "wr ^": 0.0
                    }
                ]
            }
        },
        "latency": {
            "data_onloading": 3840.0,
            "computation": 42391.0,
            "data_offloading": 2.0,
            "computation_breakdown": {
                "mac_computation": 7840.0,
                "memory_stalling": 34551
            }
        },
        "clock": {
            "tclk (ns)": 24.835963076923072,
            "tclk_breakdown (ns)": {
                "cells": 0,
                "wl_drivers": 0,
                "bl_drivers": 0,
                "dacs": 0,
                "adcs": 23.076923076923073,
                "adders_regular": 0,
                "adders_pv": 0.30592,
                "accumulators": 1.4531200000000002
            }
        },
        "area (mm^2)": {
            "total_area": 1.9144526415260317,
            "total_area_breakdown:": {
                "imc_area": 0.12525264152603185,
                "mem_area": 1.7892
            },
            "total_area_breakdown_further": {
                "imc_area_breakdown": {
                    "cells": 0,
                    "access_tx": 0.051380224,
                    "dacs": 0,
                    "adcs": 0.03335492342617066,
                    "adders_regular": 0,
                    "adders_pv": 0.0003448224,
                    "accumulators": 0.0130148352,
                    "wl_drivers": 0.021195471771953734,
                    "bl_drivers": 0.005962364727907462
                },
                "mem_area_breakdown": {
                    "cells": 0,
                    "rf_1B": 0,
                    "rf_2B": 0,
                    "L1_SRAM_512KB": 1.7892,
                    "L2_DRAM": 0
                }
            }
        },
        "spatial": {
            "mac_utilization": {
                "ideal": 0.9387755102040817,
                "stalls": 0.17362175933570806,
                "stalls_onloading": 0.15920053643659016,
                "stalls_onloading_offloading": 0.15919364955767526
            }
        }
    },
    "inputs": {
        "accelerator": {
            "id": 0,
            "name": "Experiment3_2T2R_pseudo_crossbar_reram-removing-nouse-mem",
            "operational_array": {
                "operational_unit: ImcNvmArray, dimensions": {
                    "D1": 64,
                    "D2": 512
                }
            },
            "memory_hierarchy": [
                "MemoryLevel(instance=cells,operands=[I2], served_dimensions=set())",
                "MemoryLevel(instance=rf_1B,operands=[I1], served_dimensions={D1})",
                "MemoryLevel(instance=rf_2B,operands=[O], served_dimensions={D2})",
                "MemoryLevel(instance=L2_DRAM,operands=[I2], served_dimensions={D1, D2})",
                "MemoryLevel(instance=L1_SRAM_512KB,operands=[I1, O], served_dimensions={D1, D2})"
            ],
            "mem_hierarchy_dict": {
                "I2": [
                    "MemoryLevel(instance=cells,operands=[I2], served_dimensions=set())",
                    "MemoryLevel(instance=L2_DRAM,operands=[I2], served_dimensions={D1, D2})"
                ],
                "I1": [
                    "MemoryLevel(instance=rf_1B,operands=[I1], served_dimensions={D1})",
                    "MemoryLevel(instance=L1_SRAM_512KB,operands=[I1, O], served_dimensions={D1, D2})"
                ],
                "O": [
                    "MemoryLevel(instance=rf_2B,operands=[O], served_dimensions={D2})",
                    "MemoryLevel(instance=L1_SRAM_512KB,operands=[I1, O], served_dimensions={D1, D2})"
                ]
            },
            "dataflows": null,
            "mem_size_dict": {
                "I2": [
                    8,
                    10000000000
                ],
                "I1": [
                    8,
                    4194304
                ],
                "O": [
                    16,
                    4194304
                ]
            },