{
    "energy": 6686586604.157124,
    "latency": 9159122.53125
}