{
    "outputs": {
        "memory": {
            "utilization": {
                "O": [
                    1.0,
                    0.2392578125
                ],
                "W": [
                    1.0,
                    0.0018874368
                ],
                "I": [
                    1.0,
                    0.2392578125
                ]
            },
            "word_accesses": {
                "O": [
                    {
                        "rd ^": 150528,
                        "wr v": 150528,
                        "rd v": 150528,
                        "wr ^": 150528
                    },
                    {
                        "rd ^": 0,
                        "wr v": 0,
                        "rd v": 4704,
                        "wr ^": 4704
                    }
                ],
                "W": [
                    {
                        "rd ^": 0,
                        "wr v": 2359296,
                        "rd v": 2359296,
                        "wr ^": 0
                    },
                    {
                        "rd ^": 0,
                        "wr v": 0,
                        "rd v": 294912,
                        "wr ^": 0
                    }
                ],
                "I": [
                    {
                        "rd ^": 0,
                        "wr v": 903168,
                        "rd v": 903168,
                        "wr ^": 0
                    },
                    {
                        "rd ^": 0,
                        "wr v": 0,
                        "rd v": 14112,
                        "wr ^": 0
                    }
                ]
            }
        },
        "energy": {
            "energy_total": 489934659.90177983,
            "operational_energy": 10943799.483205473,
            "operational_energy_breakdown": {
                "cells": 1954907.1810861463,
                "wl_drivers": 8240799.424935612,
                "bl_drivers": 24117.526829796563,
                "dacs": 292626.4320000001,
                "adcs": 422131.18574592005,
                "adders_regular": 0,
                "adders_pv": 9217.732607999998
            },
            "memory_energy": 478990860.41857433,
            "memory_energy_breakdown_per_level": {
                "O": [
                    12644.352,
                    1826864.256
                ],
                "W": [
                    268272083.84257433,
                    206438400
                ],
                "I": [
                    18063.36,
                    2422804.608
                ]
            },
            "memory_energy_breakdown_per_level_per_operand": {
                "O": [
                    {
                        "rd ^": 3161.088,
                        "wr v": 3161.088,
                        "rd v": 3161.088,
                        "wr ^": 3161.088
                    },
                    {
                        "rd ^": 0.0,
                        "wr v": 0.0,
                        "rd v": 807601.536,
                        "wr ^": 1019262.7200000001
                    }
                ],
                "W": [
                    {
                        "rd ^": 0,
                        "wr v": 268272083.84257433,
                        "rd v": 0,
                        "wr ^": 0.0
                    },
                    {
                        "rd ^": 0,
                        "wr v": 0,
                        "rd v": 206438400,
                        "wr ^": 0
                    }
                ],
                "I": [
                    {
                        "rd ^": 0.0,
                        "wr v": 9031.68,
                        "rd v": 9031.68,
                        "wr ^": 0.0
                    },
                    {
                        "rd ^": 0.0,
                        "wr v": 0.0,
                        "rd v": 2422804.608,
                        "wr ^": 0.0
                    }
                ]
            }
        },
        "latency": {
            "data_onloading": 12288.0,
            "computation": 301417.0,
            "data_offloading": 4.0,
            "computation_breakdown": {
                "mac_computation": 18816.0,
                "memory_stalling": 282601
            }
        },
        "clock": {
            "tclk (ns)": 24.835963076923072,
            "tclk_breakdown (ns)": {
                "cells": 0,
                "wl_drivers": 0,
                "bl_drivers": 0,
                "dacs": 0,
                "adcs": 23.076923076923073,
                "adders_regular": 0,
                "adders_pv": 0.30592,
                "accumulators": 1.4531200000000002
            }
        },
        "area (mm^2)": {
            "total_area": 2.196781404051786,
            "total_area_breakdown:": {
                "imc_area": 0.4075814040517861,
                "mem_area": 1.7892
            },
            "total_area_breakdown_further": {
                "imc_area_breakdown": {
                    "cells": 0,
                    "access_tx": 0.205520896,
                    "dacs": 0,
                    "adcs": 0.06670984685234133,
                    "adders_regular": 0,
                    "adders_pv": 0.0006896448,
                    "accumulators": 0.0260296704,
                    "wl_drivers": 0.08478188708781494,
                    "bl_drivers": 0.02384945891162985
                },
                "mem_area_breakdown": {
                    "cells": 0,
                    "rf_1B": 0,
                    "rf_2B": 0,
                    "L1_SRAM_512KB": 1.7892,
                    "L2_DRAM": 0
                }
            }
        },
        "spatial": {
            "mac_utilization": {
                "ideal": 0.75,
                "stalls": 0.04681885892302027,
                "stalls_onloading": 0.04498493807876827,
                "stalls_onloading_offloading": 0.04498436449065854
            }
        }
    },
    "inputs": {
        "accelerator": {
            "id": 0,
            "name": "Experiment3_2T2R_pseudo_crossbar_reram-removing-nouse-mem",
            "operational_array": {
                "operational_unit: ImcNvmArray, dimensions": {
                    "D1": 128,
                    "D2": 1024
                }
            },
            "memory_hierarchy": [
                "MemoryLevel(instance=cells,operands=[I2], served_dimensions=set())",
                "MemoryLevel(instance=rf_1B,operands=[I1], served_dimensions={D1})",
                "MemoryLevel(instance=rf_2B,operands=[O], served_dimensions={D2})",
                "MemoryLevel(instance=L2_DRAM,operands=[I2], served_dimensions={D1, D2})",
                "MemoryLevel(instance=L1_SRAM_512KB,operands=[I1, O], served_dimensions={D1, D2})"
            ],
            "mem_hierarchy_dict": {
                "I2": [
                    "MemoryLevel(instance=cells,operands=[I2], served_dimensions=set())",
                    "MemoryLevel(instance=L2_DRAM,operands=[I2], served_dimensions={D1, D2})"
                ],
                "I1": [
                    "MemoryLevel(instance=rf_1B,operands=[I1], served_dimensions={D1})",
                    "MemoryLevel(instance=L1_SRAM_512KB,operands=[I1, O], served_dimensions={D1, D2})"
                ],
                "O": [
                    "MemoryLevel(instance=rf_2B,operands=[O], served_dimensions={D2})",
                    "MemoryLevel(instance=L1_SRAM_512KB,operands=[I1, O], served_dimensions={D1, D2})"
                ]
            },
            "dataflows": null,
            "mem_size_dict": {
                "I2": [
                    8,
                    10000000000
                ],
                "I1": [
                    8,
                    4194304
                ],
                "O": [
                    16,
                    4194304
                ]
            },