{
    "outputs": {
        "memory": {
            "utilization": {
                "O": [
                    1.0,
                    0.19140625
                ],
                "W": [
                    1.0,
                    0.0004718592
                ],
                "I": [
                    1.0,
                    0.19140625
                ]
            },
            "word_accesses": {
                "O": [
                    {
                        "rd ^": 903168,
                        "wr v": 903168,
                        "rd v": 903168,
                        "wr ^": 903168
                    },
                    {
                        "rd ^": 0,
                        "wr v": 0,
                        "rd v": 28224,
                        "wr ^": 28224
                    }
                ],
                "W": [
                    {
                        "rd ^": 0,
                        "wr v": 589824,
                        "rd v": 589824,
                        "wr ^": 0
                    },
                    {
                        "rd ^": 0,
                        "wr v": 0,
                        "rd v": 73728,
                        "wr ^": 0
                    }
                ],
                "I": [
                    {
                        "rd ^": 0,
                        "wr v": 7225344,
                        "rd v": 7225344,
                        "wr ^": 0
                    },
                    {
                        "rd ^": 0,
                        "wr v": 0,
                        "rd v": 112896,
                        "wr ^": 0
                    }
                ]
            }
        },
        "energy": {
            "energy_total": 128087252.68545552,
            "operational_energy": 15148929.098975075,
            "operational_energy_breakdown": {
                "cells": 1954907.1810861463,
                "wl_drivers": 8240799.424935611,
                "bl_drivers": 24117.526829796563,
                "dacs": 2341011.4560000007,
                "adcs": 2532787.1144755203,
                "adders_regular": 0,
                "adders_pv": 55306.39564799998
            },
            "memory_energy": 112938323.58648044,
            "memory_energy_breakdown_per_level": {
                "O": [
                    75866.11200000001,
                    10961185.536
                ],
                "W": [
                    30764728.19448045,
                    51609600
                ],
                "I": [
                    144506.88,
                    19382436.864
                ]
            },
            "memory_energy_breakdown_per_level_per_operand": {
                "O": [
                    {
                        "rd ^": 18966.528000000002,
                        "wr v": 18966.528000000002,
                        "rd v": 18966.528000000002,
                        "wr ^": 18966.528000000002
                    },
                    {
                        "rd ^": 0.0,
                        "wr v": 0.0,
                        "rd v": 4845609.216,
                        "wr ^": 6115576.32
                    }
                ],
                "W": [
                    {
                        "rd ^": 0,
                        "wr v": 30764728.19448045,
                        "rd v": 0,
                        "wr ^": 0.0
                    },
                    {
                        "rd ^": 0,
                        "wr v": 0,
                        "rd v": 51609600,
                        "wr ^": 0
                    }
                ],
                "I": [
                    {
                        "rd ^": 0.0,
                        "wr v": 72253.44,
                        "rd v": 72253.44,
                        "wr ^": 0.0
                    },
                    {
                        "rd ^": 0.0,
                        "wr v": 0.0,
                        "rd v": 19382436.864,
                        "wr ^": 0.0
                    }
                ]
            }
        },
        "latency": {
            "data_onloading": 256.0,
            "computation": 1016061.0,
            "data_offloading": 1.0,
            "computation_breakdown": {
                "mac_computation": 903168.0,
                "memory_stalling": 112893
            }
        },
        "clock": {
            "tclk (ns)": 24.835963076923072,
            "tclk_breakdown (ns)": {
                "cells": 0,
                "wl_drivers": 0,
                "bl_drivers": 0,
                "dacs": 0,
                "adcs": 23.076923076923073,
                "adders_regular": 0,
                "adders_pv": 0.30592,
                "accumulators": 1.4531200000000002
            }
        },
        "area (mm^2)": {
            "total_area": 1.8057872740377838,
            "total_area_breakdown:": {
                "imc_area": 0.01658727403778399,
                "mem_area": 1.7892
            },
            "total_area_breakdown_further": {
                "imc_area_breakdown": {
                    "cells": 0,
                    "access_tx": 0.003211264,
                    "dacs": 0,
                    "adcs": 0.008338730856542666,
                    "adders_regular": 0,
                    "adders_pv": 8.62056e-05,
                    "accumulators": 0.0032537088,
                    "wl_drivers": 0.0013247169857471084,
                    "bl_drivers": 0.0003726477954942164
                },
                "mem_area_breakdown": {
                    "cells": 0,
                    "rf_1B": 0,
                    "rf_2B": 0,
                    "L1_SRAM_512KB": 1.7892,
                    "L2_DRAM": 0
                }
            }
        },
        "spatial": {
            "mac_utilization": {
                "ideal": 1.0,
                "stalls": 0.8888915134032307,
                "stalls_onloading": 0.8886676105978745,
                "stalls_onloading_offloading": 0.8886667361987095
            }
        }
    },
    "inputs": {
        "accelerator": {
            "id": 0,
            "name": "Experiment3_2T2R_pseudo_crossbar_reram-removing-nouse-mem",
            "operational_array": {
                "operational_unit: ImcNvmArray, dimensions": {
                    "D1": 16,
                    "D2": 128
                }
            },
            "memory_hierarchy": [
                "MemoryLevel(instance=cells,operands=[I2], served_dimensions=set())",
                "MemoryLevel(instance=rf_1B,operands=[I1], served_dimensions={D1})",
                "MemoryLevel(instance=rf_2B,operands=[O], served_dimensions={D2})",
                "MemoryLevel(instance=L2_DRAM,operands=[I2], served_dimensions={D1, D2})",
                "MemoryLevel(instance=L1_SRAM_512KB,operands=[I1, O], served_dimensions={D1, D2})"
            ],
            "mem_hierarchy_dict": {
                "I2": [
                    "MemoryLevel(instance=cells,operands=[I2], served_dimensions=set())",
                    "MemoryLevel(instance=L2_DRAM,operands=[I2], served_dimensions={D1, D2})"
                ],
                "I1": [
                    "MemoryLevel(instance=rf_1B,operands=[I1], served_dimensions={D1})",
                    "MemoryLevel(instance=L1_SRAM_512KB,operands=[I1, O], served_dimensions={D1, D2})"
                ],
                "O": [
                    "MemoryLevel(instance=rf_2B,operands=[O], served_dimensions={D2})",
                    "MemoryLevel(instance=L1_SRAM_512KB,operands=[I1, O], served_dimensions={D1, D2})"
                ]
            },
            "dataflows": null,
            "mem_size_dict": {
                "I2": [
                    8,
                    10000000000
                ],
                "I1": [
                    8,
                    4194304
                ],