{
    "energy": 2390768259.1962934,
    "latency": 4657874.9296875
}