{
    "outputs": {
        "memory": {
            "utilization": {
                "O": [
                    1.0,
                    0.19140625
                ],
                "W": [
                    1.0,
                    0.0004718592
                ],
                "I": [
                    1.0,
                    0.19140625
                ]
            },
            "word_accesses": {
                "O": [
                    {
                        "rd ^": 7225344,
                        "wr v": 7225344,
                        "rd v": 7225344,
                        "wr ^": 7225344
                    },
                    {
                        "rd ^": 0,
                        "wr v": 0,
                        "rd v": 451584,
                        "wr ^": 451584
                    }
                ],
                "W": [
                    {
                        "rd ^": 0,
                        "wr v": 589824,
                        "rd v": 589824,
                        "wr ^": 0
                    },
                    {
                        "rd ^": 0,
                        "wr v": 0,
                        "rd v": 73728,
                        "wr ^": 0
                    }
                ],
                "I": [
                    {
                        "rd ^": 0,
                        "wr v": 57802752,
                        "rd v": 57802752,
                        "wr ^": 0
                    },
                    {
                        "rd ^": 0,
                        "wr v": 0,
                        "rd v": 903168,
                        "wr ^": 0
                    }
                ]
            }
        },
        "energy": {
            "energy_total": 459690527.8845498,
            "operational_energy": 49652663.86183972,
            "operational_energy_breakdown": {
                "cells": 1954907.1810861463,
                "wl_drivers": 8240799.424935611,
                "bl_drivers": 24117.526829796563,
                "dacs": 18728091.648000006,
                "adcs": 20262296.915804163,
                "adders_regular": 0,
                "adders_pv": 442451.16518399987
            },
            "memory_energy": 410037864.0227101,
            "memory_energy_breakdown_per_level": {
                "O": [
                    606928.8960000001,
                    175378968.576
                ],
                "W": [
                    26226816.59871006,
                    51609600
                ],
                "I": [
                    1156055.04,
                    155059494.912
                ]
            },
            "memory_energy_breakdown_per_level_per_operand": {
                "O": [
                    {
                        "rd ^": 151732.22400000002,
                        "wr v": 151732.22400000002,
                        "rd v": 151732.22400000002,
                        "wr ^": 151732.22400000002
                    },
                    {
                        "rd ^": 0.0,
                        "wr v": 0.0,
                        "rd v": 77529747.456,
                        "wr ^": 97849221.12
                    }
                ],
                "W": [
                    {
                        "rd ^": 0,
                        "wr v": 26226816.59871006,
                        "rd v": 0,
                        "wr ^": 0.0
                    },
                    {
                        "rd ^": 0,
                        "wr v": 0,
                        "rd v": 51609600,
                        "wr ^": 0
                    }
                ],
                "I": [
                    {
                        "rd ^": 0.0,
                        "wr v": 578027.52,
                        "rd v": 578027.52,
                        "wr ^": 0.0
                    },
                    {
                        "rd ^": 0.0,
                        "wr v": 0.0,
                        "rd v": 155059494.912,
                        "wr ^": 0.0
                    }
                ]
            }
        },
        "latency": {
            "data_onloading": 4.0,
            "computation": 61415422.0,
            "data_offloading": 1.0,
            "computation_breakdown": {
                "mac_computation": 57802752.0,
                "memory_stalling": 3612670
            }
        },
        "clock": {
            "tclk (ns)": 24.835963076923072,
            "tclk_breakdown (ns)": {
                "cells": 0,
                "wl_drivers": 0,
                "bl_drivers": 0,
                "dacs": 0,
                "adcs": 23.076923076923073,
                "adders_regular": 0,
                "adders_pv": 0.30592,
                "accumulators": 1.4531200000000002
            }
        },
        "area (mm^2)": {
            "total_area": 1.7917788693388426,
            "total_area_breakdown:": {
                "imc_area": 0.002578869338842562,
                "mem_area": 1.7892
            },
            "total_area_breakdown_further": {
                "imc_area_breakdown": {
                    "cells": 0,
                    "access_tx": 5.0176e-05,
                    "dacs": 0,
                    "adcs": 0.0020846827141356664,
                    "adders_regular": 0,
                    "adders_pv": 1.07757e-05,
                    "accumulators": 0.0004067136,
                    "wl_drivers": 2.069870290229857e-05,
                    "bl_drivers": 5.822621804597131e-06
                },
                "mem_area_breakdown": {
                    "cells": 0,
                    "rf_1B": 0,
                    "rf_2B": 0,
                    "L1_SRAM_512KB": 1.7892,
                    "L2_DRAM": 0
                }
            }
        },
        "spatial": {
            "mac_utilization": {
                "ideal": 1.0,
                "stalls": 0.941176501237751,
                "stalls_onloading": 0.9411764399387216,
                "stalls_onloading_offloading": 0.9411764246139654
            }
        }
    },
    "inputs": {
        "accelerator": {
            "id": 0,
            "name": "Experiment3_2T2R_pseudo_crossbar_reram-removing-nouse-mem",
            "operational_array": {
                "operational_unit: ImcNvmArray, dimensions": {
                    "D1": 2,
                    "D2": 16
                }
            },
            "memory_hierarchy": [
                "MemoryLevel(instance=cells,operands=[I2], served_dimensions=set())",
                "MemoryLevel(instance=rf_1B,operands=[I1], served_dimensions={D1})",
                "MemoryLevel(instance=rf_2B,operands=[O], served_dimensions={D2})",
                "MemoryLevel(instance=L2_DRAM,operands=[I2], served_dimensions={D1, D2})",
                "MemoryLevel(instance=L1_SRAM_512KB,operands=[I1, O], served_dimensions={D1, D2})"
            ],
            "mem_hierarchy_dict": {
                "I2": [
                    "MemoryLevel(instance=cells,operands=[I2], served_dimensions=set())",
                    "MemoryLevel(instance=L2_DRAM,operands=[I2], served_dimensions={D1, D2})"
                ],
                "I1": [
                    "MemoryLevel(instance=rf_1B,operands=[I1], served_dimensions={D1})",
                    "MemoryLevel(instance=L1_SRAM_512KB,operands=[I1, O], served_dimensions={D1, D2})"
                ],
                "O": [
                    "MemoryLevel(instance=rf_2B,operands=[O], served_dimensions={D2})",
                    "MemoryLevel(instance=L1_SRAM_512KB,operands=[I1, O], served_dimensions={D1, D2})"
                ]
            },
            "dataflows": null,
            "mem_size_dict": {
                "I2": [
                    8,
                    10000000000
                ],
                "I1": [
                    8,
                    4194304
                ],