{
    "outputs": {
        "memory": {
            "utilization": {
                "O": [
                    1.0,
                    0.0043487548828125
                ],
                "I": [
                    1.0,
                    0.0043487548828125
                ],
                "W": [
                    1.0,
                    0.001024
                ]
            },
            "word_accesses": {
                "O": [
                    {
                        "rd ^": 40000,
                        "wr v": 40000,
                        "rd v": 40000,
                        "wr ^": 40000
                    },
                    {
                        "rd ^": 0,
                        "wr v": 0,
                        "rd v": 1250,
                        "wr ^": 1250
                    }
                ],
                "I": [
                    {
                        "rd ^": 0,
                        "wr v": 1280,
                        "rd v": 1280,
                        "wr ^": 0
                    },
                    {
                        "rd ^": 0,
                        "wr v": 0,
                        "rd v": 20,
                        "wr ^": 0
                    }
                ],
                "W": [
                    {
                        "rd ^": 0,
                        "wr v": 1280000,
                        "rd v": 1280000,
                        "wr ^": 0
                    },
                    {
                        "rd ^": 0,
                        "wr v": 0,
                        "rd v": 160000,
                        "wr ^": 0
                    }
                ]
            }
        },
        "energy": {
            "energy_total": 171146409.7456729,
            "operational_energy": 331458.2004382976,
            "operational_energy_breakdown": {
                "cells": 21645.000499199996,
                "wl_drivers": 91243.26177339777,
                "bl_drivers": 267.0325656998096,
                "dacs": 103680.00000000001,
                "adcs": 112173.46560000001,
                "adders_regular": 0,
                "adders_pv": 2449.4399999999996
            },
            "memory_energy": 170814951.54523462,
            "memory_energy_breakdown_per_level": {
                "O": [
                    3360.0,
                    485455.0
                ],
                "I": [
                    25.6,
                    3433.68
                ],
                "W": [
                    58322677.26523463,
                    112000000
                ]
            },
            "memory_energy_breakdown_per_level_per_operand": {
                "O": [
                    {
                        "rd ^": 840.0,
                        "wr v": 840.0,
                        "rd v": 840.0,
                        "wr ^": 840.0
                    },
                    {
                        "rd ^": 0.0,
                        "wr v": 0.0,
                        "rd v": 214605.0,
                        "wr ^": 270850.0
                    }
                ],
                "I": [
                    {
                        "rd ^": 0.0,
                        "wr v": 12.8,
                        "rd v": 12.8,
                        "wr ^": 0.0
                    },
                    {
                        "rd ^": 0.0,
                        "wr v": 0.0,
                        "rd v": 3433.68,
                        "wr ^": 0.0
                    }
                ],
                "W": [
                    {
                        "rd ^": 0,
                        "wr v": 58322677.26523463,
                        "rd v": 0,
                        "wr ^": 0.0
                    },
                    {
                        "rd ^": 0,
                        "wr v": 0,
                        "rd v": 112000000,
                        "wr ^": 0
                    }
                ]
            }
        },
        "latency": {
            "data_onloading": 16.0,
            "computation": 309985.0,
            "data_offloading": 1.0,
            "computation_breakdown": {
                "mac_computation": 160000.0,
                "memory_stalling": 149985
            }
        },
        "clock": {
            "tclk (ns)": 24.835963076923072,
            "tclk_breakdown (ns)": {
                "cells": 0,
                "wl_drivers": 0,
                "bl_drivers": 0,
                "dacs": 0,
                "adcs": 23.076923076923073,
                "adders_regular": 0,
                "adders_pv": 0.30592,
                "accumulators": 1.4531200000000002
            }
        },
        "area (mm^2)": {
            "total_area": 1.7924264506129632,
            "total_area_breakdown:": {
                "imc_area": 0.003226450612963249,
                "mem_area": 1.7892
            },
            "total_area_breakdown_further": {
                "imc_area_breakdown": {
                    "cells": 0,
                    "access_tx": 0.000200704,
                    "dacs": 0,
                    "adcs": 0.0020846827141356664,
                    "adders_regular": 0,
                    "adders_pv": 2.15514e-05,
                    "accumulators": 0.0008134272,
                    "wl_drivers": 8.279481160919427e-05,
                    "bl_drivers": 2.3290487218388524e-05
                },
                "mem_area_breakdown": {
                    "cells": 0,
                    "rf_1B": 0,
                    "rf_2B": 0,
                    "L1_SRAM_512KB": 1.7892,
                    "L2_DRAM": 0
                }
            }
        },
        "spatial": {
            "mac_utilization": {
                "ideal": 1.0,
                "stalls": 0.5161540074519735,
                "stalls_onloading": 0.5161273673310731,
                "stalls_onloading_offloading": 0.5161257024148231
            }
        }
    },
    "inputs": {
        "accelerator": {
            "id": 0,
            "name": "Experiment3_2T2R_pseudo_crossbar_reram-removing-nouse-mem",
            "operational_array": {
                "operational_unit: ImcNvmArray, dimensions": {
                    "D1": 4,
                    "D2": 32
                }
            },
            "memory_hierarchy": [
                "MemoryLevel(instance=cells,operands=[I2], served_dimensions=set())",
                "MemoryLevel(instance=rf_1B,operands=[I1], served_dimensions={D1})",
                "MemoryLevel(instance=rf_2B,operands=[O], served_dimensions={D2})",
                "MemoryLevel(instance=L2_DRAM,operands=[I2], served_dimensions={D1, D2})",
                "MemoryLevel(instance=L1_SRAM_512KB,operands=[I1, O], served_dimensions={D1, D2})"
            ],
            "mem_hierarchy_dict": {
                "I2": [
                    "MemoryLevel(instance=cells,operands=[I2], served_dimensions=set())",
                    "MemoryLevel(instance=L2_DRAM,operands=[I2], served_dimensions={D1, D2})"
                ],
                "I1": [
                    "MemoryLevel(instance=rf_1B,operands=[I1], served_dimensions={D1})",
                    "MemoryLevel(instance=L1_SRAM_512KB,operands=[I1, O], served_dimensions={D1, D2})"
                ],
                "O": [
                    "MemoryLevel(instance=rf_2B,operands=[O], served_dimensions={D2})",
                    "MemoryLevel(instance=L1_SRAM_512KB,operands=[I1, O], served_dimensions={D1, D2})"
                ]
            },
            "dataflows": null,
            "mem_size_dict": {
                "I2": [
                    8,
                    10000000000
                ],
                "I1": [
                    8,
                    4194304
                ],
                "O": [
                    16,
                    4194304
                ]
            },