{
    "outputs": {
        "memory": {
            "utilization": {
                "O": [
                    0.5,
                    0.2691650390625
                ],
                "W": [
                    1.0,
                    4.1472e-06
                ],
                "I": [
                    1.0,
                    0.2691650390625
                ]
            },
            "word_accesses": {
                "O": [
                    {
                        "rd ^": 28224,
                        "wr v": 0,
                        "rd v": 0,
                        "wr ^": 28224
                    },
                    {
                        "rd ^": 0,
                        "wr v": 0,
                        "rd v": 0,
                        "wr ^": 3528
                    }
                ],
                "W": [
                    {
                        "rd ^": 0,
                        "wr v": 5184,
                        "rd v": 5184,
                        "wr ^": 0
                    },
                    {
                        "rd ^": 0,
                        "wr v": 0,
                        "rd v": 1152,
                        "wr ^": 0
                    }
                ],
                "I": [
                    {
                        "rd ^": 0,
                        "wr v": 254016,
                        "rd v": 254016,
                        "wr ^": 0
                    },
                    {
                        "rd ^": 0,
                        "wr v": 0,
                        "rd v": 7056,
                        "wr ^": 0
                    }
                ]
            }
        },
        "energy": {
            "energy_total": 3264837.3431110024,
            "operational_energy": 240115.42818680193,
            "operational_energy_breakdown": {
                "cells": 4295.450349066239,
                "wl_drivers": 72428.90119572314,
                "bl_drivers": 211.97045065250887,
                "dacs": 82301.18400000001,
                "adcs": 79149.59732736001,
                "adders_regular": 0,
                "adders_pv": 1728.3248639999995
            },
            "memory_energy": 3024721.9149242006,
            "memory_energy_breakdown_per_level": {
                "O": [
                    1185.4080000000001,
                    764447.04
                ],
                "W": [
                    236206.84292420023,
                    806400
                ],
                "I": [
                    5080.32,
                    1211402.304
                ]
            },
            "memory_energy_breakdown_per_level_per_operand": {
                "O": [
                    {
                        "rd ^": 592.7040000000001,
                        "wr v": 0.0,
                        "rd v": 0.0,
                        "wr ^": 592.7040000000001
                    },
                    {
                        "rd ^": 0.0,
                        "wr v": 0.0,
                        "rd v": 0.0,
                        "wr ^": 764447.04
                    }
                ],
                "W": [
                    {
                        "rd ^": 0,
                        "wr v": 236206.84292420023,
                        "rd v": 0,
                        "wr ^": 0.0
                    },
                    {
                        "rd ^": 0,
                        "wr v": 0,
                        "rd v": 806400,
                        "wr ^": 0
                    }
                ],
                "I": [
                    {
                        "rd ^": 0.0,
                        "wr v": 2540.16,
                        "rd v": 2540.16,
                        "wr ^": 0.0
                    },
                    {
                        "rd ^": 0.0,
                        "wr v": 0.0,
                        "rd v": 1211402.304,
                        "wr ^": 0.0
                    }
                ]
            }
        },
        "latency": {
            "data_onloading": 2.0,
            "computation": 113471.0,
            "data_offloading": 1.0,
            "computation_breakdown": {
                "mac_computation": 112896.0,
                "memory_stalling": 575
            }
        },
        "clock": {
            "tclk (ns)": 24.835963076923072,
            "tclk_breakdown (ns)": {
                "cells": 0,
                "wl_drivers": 0,
                "bl_drivers": 0,
                "dacs": 0,
                "adcs": 23.076923076923073,
                "adders_regular": 0,
                "adders_pv": 0.30592,
                "accumulators": 1.4531200000000002
            }
        },
        "area (mm^2)": {
            "total_area": 1.7924264506129632,
            "total_area_breakdown:": {
                "imc_area": 0.003226450612963249,
                "mem_area": 1.7892
            },
            "total_area_breakdown_further": {
                "imc_area_breakdown": {
                    "cells": 0,
                    "access_tx": 0.000200704,
                    "dacs": 0,
                    "adcs": 0.0020846827141356664,
                    "adders_regular": 0,
                    "adders_pv": 2.15514e-05,
                    "accumulators": 0.0008134272,
                    "wl_drivers": 8.279481160919427e-05,
                    "bl_drivers": 2.3290487218388524e-05
                },
                "mem_area_breakdown": {
                    "cells": 0,
                    "rf_1B": 0,
                    "rf_2B": 0,
                    "L1_SRAM_512KB": 1.7892,
                    "L2_DRAM": 0
                }
            }
        },
        "spatial": {
            "mac_utilization": {
                "ideal": 0.07033021541950113,
                "stalls": 0.06997382591146636,
                "stalls_onloading": 0.06997259259912049,
                "stalls_onloading_offloading": 0.06997197595925057
            }
        }
    },
    "inputs": {
        "accelerator": {
            "id": 0,
            "name": "Experiment3_2T2R_pseudo_crossbar_reram-removing-nouse-mem",
            "operational_array": {
                "operational_unit: ImcNvmArray, dimensions": {
                    "D1": 4,
                    "D2": 32
                }
            },
            "memory_hierarchy": [
                "MemoryLevel(instance=cells,operands=[I2], served_dimensions=set())",
                "MemoryLevel(instance=rf_1B,operands=[I1], served_dimensions={D1})",
                "MemoryLevel(instance=rf_2B,operands=[O], served_dimensions={D2})",
                "MemoryLevel(instance=L2_DRAM,operands=[I2], served_dimensions={D1, D2})",
                "MemoryLevel(instance=L1_SRAM_512KB,operands=[I1, O], served_dimensions={D1, D2})"
            ],
            "mem_hierarchy_dict": {
                "I2": [
                    "MemoryLevel(instance=cells,operands=[I2], served_dimensions=set())",
                    "MemoryLevel(instance=L2_DRAM,operands=[I2], served_dimensions={D1, D2})"
                ],
                "I1": [
                    "MemoryLevel(instance=rf_1B,operands=[I1], served_dimensions={D1})",
                    "MemoryLevel(instance=L1_SRAM_512KB,operands=[I1, O], served_dimensions={D1, D2})"
                ],
                "O": [
                    "MemoryLevel(instance=rf_2B,operands=[O], served_dimensions={D2})",
                    "MemoryLevel(instance=L1_SRAM_512KB,operands=[I1, O], served_dimensions={D1, D2})"
                ]
            },
            "dataflows": null,
            "mem_size_dict": {
                "I2": [
                    8,
                    10000000000
                ],
                "I1": [
                    8,
                    4194304
                ],
                "O": [
                    16,
                    4194304
                ]
            },