{
    "outputs": {
        "memory": {
            "utilization": {
                "O": [
                    0.5,
                    0.179443359375
                ],
                "W": [
                    1.0,
                    6.912e-06
                ],
                "I": [
                    1.0,
                    0.179443359375
                ]
            },
            "word_accesses": {
                "O": [
                    {
                        "rd ^": 47040,
                        "wr v": 0,
                        "rd v": 0,
                        "wr ^": 47040
                    },
                    {
                        "rd ^": 0,
                        "wr v": 0,
                        "rd v": 0,
                        "wr ^": 5880
                    }
                ],
                "W": [
                    {
                        "rd ^": 0,
                        "wr v": 8640,
                        "rd v": 8640,
                        "wr ^": 0
                    },
                    {
                        "rd ^": 0,
                        "wr v": 0,
                        "rd v": 1920,
                        "wr ^": 0
                    }
                ],
                "I": [
                    {
                        "rd ^": 0,
                        "wr v": 423360,
                        "rd v": 423360,
                        "wr ^": 0
                    },
                    {
                        "rd ^": 0,
                        "wr v": 0,
                        "rd v": 11760,
                        "wr ^": 0
                    }
                ]
            }
        },
        "energy": {
            "energy_total": 5441395.571851671,
            "operational_energy": 400192.3803113365,
            "operational_energy_breakdown": {
                "cells": 7159.083915110399,
                "wl_drivers": 120714.83532620523,
                "bl_drivers": 353.2840844208481,
                "dacs": 137168.64,
                "adcs": 131915.99554560002,
                "adders_regular": 0,
                "adders_pv": 2880.5414399999995
            },
            "memory_energy": 5041203.191540334,
            "memory_energy_breakdown_per_level": {
                "O": [
                    1975.68,
                    1274078.4000000001
                ],
                "W": [
                    393678.07154033374,
                    1344000
                ],
                "I": [
                    8467.2,
                    2019003.84
                ]
            },
            "memory_energy_breakdown_per_level_per_operand": {
                "O": [
                    {
                        "rd ^": 987.84,
                        "wr v": 0.0,
                        "rd v": 0.0,
                        "wr ^": 987.84
                    },
                    {
                        "rd ^": 0.0,
                        "wr v": 0.0,
                        "rd v": 0.0,
                        "wr ^": 1274078.4000000001
                    }
                ],
                "W": [
                    {
                        "rd ^": 0,
                        "wr v": 393678.07154033374,
                        "rd v": 0,
                        "wr ^": 0.0
                    },
                    {
                        "rd ^": 0,
                        "wr v": 0,
                        "rd v": 1344000,
                        "wr ^": 0
                    }
                ],
                "I": [
                    {
                        "rd ^": 0.0,
                        "wr v": 4233.6,
                        "rd v": 4233.6,
                        "wr ^": 0.0
                    },
                    {
                        "rd ^": 0.0,
                        "wr v": 0.0,
                        "rd v": 2019003.84,
                        "wr ^": 0.0
                    }
                ]
            }
        },
        "latency": {
            "data_onloading": 2.0,
            "computation": 189119.0,
            "data_offloading": 1.0,
            "computation_breakdown": {
                "mac_computation": 188160.0,
                "memory_stalling": 959
            }
        },
        "clock": {
            "tclk (ns)": 24.835963076923072,
            "tclk_breakdown (ns)": {
                "cells": 0,
                "wl_drivers": 0,
                "bl_drivers": 0,
                "dacs": 0,
                "adcs": 23.076923076923073,
                "adders_regular": 0,
                "adders_pv": 0.30592,
                "accumulators": 1.4531200000000002
            }
        },
        "area (mm^2)": {
            "total_area": 1.7924264506129632,
            "total_area_breakdown:": {
                "imc_area": 0.003226450612963249,
                "mem_area": 1.7892
            },
            "total_area_breakdown_further": {
                "imc_area_breakdown": {
                    "cells": 0,
                    "access_tx": 0.000200704,
                    "dacs": 0,
                    "adcs": 0.0020846827141356664,
                    "adders_regular": 0,
                    "adders_pv": 2.15514e-05,
                    "accumulators": 0.0008134272,
                    "wl_drivers": 8.279481160919427e-05,
                    "bl_drivers": 2.3290487218388524e-05
                },
                "mem_area_breakdown": {
                    "cells": 0,
                    "rf_1B": 0,
                    "rf_2B": 0,
                    "L1_SRAM_512KB": 1.7892,
                    "L2_DRAM": 0
                }
            }
        },
        "spatial": {
            "mac_utilization": {
                "ideal": 0.07032312925170069,
                "stalls": 0.06996652901083444,
                "stalls_onloading": 0.06996578909798488,
                "stalls_onloading_offloading": 0.06996541914742864
            }
        }
    },
    "inputs": {
        "accelerator": {
            "id": 0,
            "name": "Experiment3_2T2R_pseudo_crossbar_reram-removing-nouse-mem",
            "operational_array": {
                "operational_unit: ImcNvmArray, dimensions": {
                    "D1": 4,
                    "D2": 32
                }
            },
            "memory_hierarchy": [
                "MemoryLevel(instance=cells,operands=[I2], served_dimensions=set())",
                "MemoryLevel(instance=rf_1B,operands=[I1], served_dimensions={D1})",
                "MemoryLevel(instance=rf_2B,operands=[O], served_dimensions={D2})",
                "MemoryLevel(instance=L2_DRAM,operands=[I2], served_dimensions={D1, D2})",
                "MemoryLevel(instance=L1_SRAM_512KB,operands=[I1, O], served_dimensions={D1, D2})"
            ],
            "mem_hierarchy_dict": {
                "I2": [
                    "MemoryLevel(instance=cells,operands=[I2], served_dimensions=set())",
                    "MemoryLevel(instance=L2_DRAM,operands=[I2], served_dimensions={D1, D2})"
                ],
                "I1": [
                    "MemoryLevel(instance=rf_1B,operands=[I1], served_dimensions={D1})",
                    "MemoryLevel(instance=L1_SRAM_512KB,operands=[I1, O], served_dimensions={D1, D2})"
                ],
                "O": [
                    "MemoryLevel(instance=rf_2B,operands=[O], served_dimensions={D2})",
                    "MemoryLevel(instance=L1_SRAM_512KB,operands=[I1, O], served_dimensions={D1, D2})"
                ]
            },
            "dataflows": null,
            "mem_size_dict": {
                "I2": [
                    8,
                    10000000000
                ],
                "I1": [
                    8,
                    4194304
                ],
                "O": [
                    16,
                    4194304
                ]
            },