{
    "outputs": {
        "memory": {
            "utilization": {
                "O": [
                    1.0,
                    0.4306640625
                ],
                "W": [
                    1.0,
                    4.1472e-06
                ],
                "I": [
                    1.0,
                    0.4306640625
                ]
            },
            "word_accesses": {
                "O": [
                    {
                        "rd ^": 56448,
                        "wr v": 0,
                        "rd v": 0,
                        "wr ^": 112896
                    },
                    {
                        "rd ^": 0,
                        "wr v": 0,
                        "rd v": 0,
                        "wr ^": 7056
                    }
                ],
                "W": [
                    {
                        "rd ^": 0,
                        "wr v": 5184,
                        "rd v": 5184,
                        "wr ^": 0
                    },
                    {
                        "rd ^": 0,
                        "wr v": 0,
                        "rd v": 1152,
                        "wr ^": 0
                    }
                ],
                "I": [
                    {
                        "rd ^": 0,
                        "wr v": 1016064,
                        "rd v": 1016064,
                        "wr ^": 0
                    },
                    {
                        "rd ^": 0,
                        "wr v": 0,
                        "rd v": 28224,
                        "wr ^": 0
                    }
                ]
            }
        },
        "energy": {
            "energy_total": 8401449.355671408,
            "operational_energy": 960461.7127472077,
            "operational_energy_breakdown": {
                "cells": 17181.801396264957,
                "wl_drivers": 289715.60478289257,
                "bl_drivers": 847.8818026100355,
                "dacs": 329204.73600000003,
                "adcs": 316598.38930944004,
                "adders_regular": 0,
                "adders_pv": 6913.299455999998
            },
            "memory_energy": 7440987.642924201,
            "memory_energy_breakdown_per_level": {
                "O": [
                    3556.224,
                    1528894.08
                ],
                "W": [
                    236206.84292420023,
                    806400
                ],
                "I": [
                    20321.28,
                    4845609.216
                ]
            },
            "memory_energy_breakdown_per_level_per_operand": {
                "O": [
                    {
                        "rd ^": 1185.4080000000001,
                        "wr v": 0.0,
                        "rd v": 0.0,
                        "wr ^": 2370.8160000000003
                    },
                    {
                        "rd ^": 0.0,
                        "wr v": 0.0,
                        "rd v": 0.0,
                        "wr ^": 1528894.08
                    }
                ],
                "W": [
                    {
                        "rd ^": 0,
                        "wr v": 236206.84292420023,
                        "rd v": 0,
                        "wr ^": 0.0
                    },
                    {
                        "rd ^": 0,
                        "wr v": 0,
                        "rd v": 806400,
                        "wr ^": 0
                    }
                ],
                "I": [
                    {
                        "rd ^": 0.0,
                        "wr v": 10160.64,
                        "rd v": 10160.64,
                        "wr ^": 0.0
                    },
                    {
                        "rd ^": 0.0,
                        "wr v": 0.0,
                        "rd v": 4845609.216,
                        "wr ^": 0.0
                    }
                ]
            }
        },
        "latency": {
            "data_onloading": 2.0,
            "computation": 452159.0,
            "data_offloading": 1.0,
            "computation_breakdown": {
                "mac_computation": 451584.0,
                "memory_stalling": 575
            }
        },
        "clock": {
            "tclk (ns)": 24.835963076923072,
            "tclk_breakdown (ns)": {
                "cells": 0,
                "wl_drivers": 0,
                "bl_drivers": 0,
                "dacs": 0,
                "adcs": 23.076923076923073,
                "adders_regular": 0,
                "adders_pv": 0.30592,
                "accumulators": 1.4531200000000002
            }
        },
        "area (mm^2)": {
            "total_area": 1.7924264506129632,
            "total_area_breakdown:": {
                "imc_area": 0.003226450612963249,
                "mem_area": 1.7892
            },
            "total_area_breakdown_further": {
                "imc_area_breakdown": {
                    "cells": 0,
                    "access_tx": 0.000200704,
                    "dacs": 0,
                    "adcs": 0.0020846827141356664,
                    "adders_regular": 0,
                    "adders_pv": 2.15514e-05,
                    "accumulators": 0.0008134272,
                    "wl_drivers": 8.279481160919427e-05,
                    "bl_drivers": 2.3290487218388524e-05
                },
                "mem_area_breakdown": {
                    "cells": 0,
                    "rf_1B": 0,
                    "rf_2B": 0,
                    "L1_SRAM_512KB": 1.7892,
                    "L2_DRAM": 0
                }
            }
        },
        "spatial": {
            "mac_utilization": {
                "ideal": 0.0703125,
                "stalls": 0.07022308524213827,
                "stalls_onloading": 0.07022277463116014,
                "stalls_onloading_offloading": 0.07022261932670149
            }
        }
    },
    "inputs": {
        "accelerator": {
            "id": 0,
            "name": "Experiment3_2T2R_pseudo_crossbar_reram-removing-nouse-mem",
            "operational_array": {
                "operational_unit: ImcNvmArray, dimensions": {
                    "D1": 4,
                    "D2": 32
                }
            },
            "memory_hierarchy": [
                "MemoryLevel(instance=cells,operands=[I2], served_dimensions=set())",
                "MemoryLevel(instance=rf_1B,operands=[I1], served_dimensions={D1})",
                "MemoryLevel(instance=rf_2B,operands=[O], served_dimensions={D2})",
                "MemoryLevel(instance=L2_DRAM,operands=[I2], served_dimensions={D1, D2})",
                "MemoryLevel(instance=L1_SRAM_512KB,operands=[I1, O], served_dimensions={D1, D2})"
            ],
            "mem_hierarchy_dict": {
                "I2": [
                    "MemoryLevel(instance=cells,operands=[I2], served_dimensions=set())",
                    "MemoryLevel(instance=L2_DRAM,operands=[I2], served_dimensions={D1, D2})"
                ],
                "I1": [
                    "MemoryLevel(instance=rf_1B,operands=[I1], served_dimensions={D1})",
                    "MemoryLevel(instance=L1_SRAM_512KB,operands=[I1, O], served_dimensions={D1, D2})"
                ],
                "O": [
                    "MemoryLevel(instance=rf_2B,operands=[O], served_dimensions={D2})",
                    "MemoryLevel(instance=L1_SRAM_512KB,operands=[I1, O], served_dimensions={D1, D2})"
                ]
            },
            "dataflows": null,
            "mem_size_dict": {
                "I2": [
                    8,
                    10000000000
                ],
                "I1": [
                    8,
                    4194304
                ],
                "O": [
                    16,
                    4194304
                ]
            },