{
    "energy": 2749516401.541984,
    "latency": 19803348.546875
}