{
    "outputs": {
        "memory": {
            "utilization": {
                "O": [
                    0.5,
                    0.1495361328125
                ],
                "W": [
                    1.0,
                    0.00032768
                ],
                "I": [
                    1.0,
                    0.1495361328125
                ]
            },
            "word_accesses": {
                "O": [
                    {
                        "rd ^": 62720,
                        "wr v": 0,
                        "rd v": 0,
                        "wr ^": 62720
                    },
                    {
                        "rd ^": 0,
                        "wr v": 0,
                        "rd v": 0,
                        "wr ^": 980
                    }
                ],
                "W": [
                    {
                        "rd ^": 0,
                        "wr v": 409600,
                        "rd v": 409600,
                        "wr ^": 0
                    },
                    {
                        "rd ^": 0,
                        "wr v": 0,
                        "rd v": 51200,
                        "wr ^": 0
                    }
                ],
                "I": [
                    {
                        "rd ^": 0,
                        "wr v": 156800,
                        "rd v": 156800,
                        "wr ^": 0
                    },
                    {
                        "rd ^": 0,
                        "wr v": 0,
                        "rd v": 2450,
                        "wr ^": 0
                    }
                ]
            }
        },
        "energy": {
            "energy_total": 85058563.93504779,
            "operational_energy": 2004806.9390453056,
            "operational_energy_breakdown": {
                "cells": 339393.60782745597,
                "wl_drivers": 1430694.3446068768,
                "bl_drivers": 4187.070630173014,
                "dacs": 50803.20000000001,
                "adcs": 175887.9940608,
                "adders_regular": 0,
                "adders_pv": 3840.721919999999
            },
            "memory_energy": 83053756.99600248,
            "memory_energy_breakdown_per_level": {
                "O": [
                    2634.2400000000002,
                    212346.4
                ],
                "W": [
                    46575014.55600249,
                    35840000
                ],
                "I": [
                    3136.0,
                    420625.8
                ]
            },
            "memory_energy_breakdown_per_level_per_operand": {
                "O": [
                    {
                        "rd ^": 1317.1200000000001,
                        "wr v": 0.0,
                        "rd v": 0.0,
                        "wr ^": 1317.1200000000001
                    },
                    {
                        "rd ^": 0.0,
                        "wr v": 0.0,
                        "rd v": 0.0,
                        "wr ^": 212346.4
                    }
                ],
                "W": [
                    {
                        "rd ^": 0,
                        "wr v": 46575014.55600249,
                        "rd v": 0,
                        "wr ^": 0.0
                    },
                    {
                        "rd ^": 0,
                        "wr v": 0,
                        "rd v": 35840000,
                        "wr ^": 0
                    }
                ],
                "I": [
                    {
                        "rd ^": 0.0,
                        "wr v": 1568.0,
                        "rd v": 1568.0,
                        "wr ^": 0.0
                    },
                    {
                        "rd ^": 0.0,
                        "wr v": 0.0,
                        "rd v": 420625.8,
                        "wr ^": 0.0
                    }
                ]
            }
        },
        "latency": {
            "data_onloading": 5120.0,
            "computation": 53911.0,
            "data_offloading": 2.0,
            "computation_breakdown": {
                "mac_computation": 7840.0,
                "memory_stalling": 46071
            }
        },
        "clock": {
            "tclk (ns)": 24.835963076923072,
            "tclk_breakdown (ns)": {
                "cells": 0,
                "wl_drivers": 0,
                "bl_drivers": 0,
                "dacs": 0,
                "adcs": 23.076923076923073,
                "adders_regular": 0,
                "adders_pv": 0.30592,
                "accumulators": 1.4531200000000002
            }
        },
        "area (mm^2)": {
            "total_area": 2.196781404051786,
            "total_area_breakdown:": {
                "imc_area": 0.4075814040517861,
                "mem_area": 1.7892
            },
            "total_area_breakdown_further": {
                "imc_area_breakdown": {
                    "cells": 0,
                    "access_tx": 0.205520896,
                    "dacs": 0,
                    "adcs": 0.06670984685234133,
                    "adders_regular": 0,
                    "adders_pv": 0.0006896448,
                    "accumulators": 0.0260296704,
                    "wl_drivers": 0.08478188708781494,
                    "bl_drivers": 0.02384945891162985
                },
                "mem_area_breakdown": {
                    "cells": 0,
                    "rf_1B": 0,
                    "rf_2B": 0,
                    "L1_SRAM_512KB": 1.7892,
                    "L2_DRAM": 0
                }
            }
        },
        "spatial": {
            "mac_utilization": {
                "ideal": 0.3142857142857143,
                "stalls": 0.045704958171801674,
                "stalls_onloading": 0.041740780267994784,
                "stalls_onloading_offloading": 0.04173936611725645
            }
        }
    },
    "inputs": {
        "accelerator": {
            "id": 0,
            "name": "Experiment3_2T2R_pseudo_crossbar_reram-removing-nouse-mem",
            "operational_array": {
                "operational_unit: ImcNvmArray, dimensions": {
                    "D1": 128,
                    "D2": 1024
                }
            },
            "memory_hierarchy": [
                "MemoryLevel(instance=cells,operands=[I2], served_dimensions=set())",
                "MemoryLevel(instance=rf_1B,operands=[I1], served_dimensions={D1})",
                "MemoryLevel(instance=rf_2B,operands=[O], served_dimensions={D2})",
                "MemoryLevel(instance=L2_DRAM,operands=[I2], served_dimensions={D1, D2})",
                "MemoryLevel(instance=L1_SRAM_512KB,operands=[I1, O], served_dimensions={D1, D2})"
            ],
            "mem_hierarchy_dict": {
                "I2": [
                    "MemoryLevel(instance=cells,operands=[I2], served_dimensions=set())",
                    "MemoryLevel(instance=L2_DRAM,operands=[I2], served_dimensions={D1, D2})"
                ],
                "I1": [
                    "MemoryLevel(instance=rf_1B,operands=[I1], served_dimensions={D1})",
                    "MemoryLevel(instance=L1_SRAM_512KB,operands=[I1, O], served_dimensions={D1, D2})"
                ],
                "O": [
                    "MemoryLevel(instance=rf_2B,operands=[O], served_dimensions={D2})",
                    "MemoryLevel(instance=L1_SRAM_512KB,operands=[I1, O], served_dimensions={D1, D2})"
                ]
            },
            "dataflows": null,
            "mem_size_dict": {
                "I2": [
                    8,
                    10000000000
                ],
                "I1": [
                    8,
                    4194304
                ],
                "O": [
                    16,
                    4194304
                ]
            },