{
    "energy": 1966660009.4490733,
    "latency": 6271995.484375
}