{
    "energy": 1820226132.8141687,
    "latency": 1875548.53125
}