{
    "outputs": {
        "memory": {
            "utilization": {
                "O": [
                    1.0,
                    0.19140625
                ],
                "W": [
                    1.0,
                    0.0004718592
                ],
                "I": [
                    1.0,
                    0.19140625
                ]
            },
            "word_accesses": {
                "O": [
                    {
                        "rd ^": 100352,
                        "wr v": 100352,
                        "rd v": 100352,
                        "wr ^": 100352
                    },
                    {
                        "rd ^": 0,
                        "wr v": 0,
                        "rd v": 3136,
                        "wr ^": 3136
                    }
                ],
                "W": [
                    {
                        "rd ^": 0,
                        "wr v": 589824,
                        "rd v": 589824,
                        "wr ^": 0
                    },
                    {
                        "rd ^": 0,
                        "wr v": 0,
                        "rd v": 73728,
                        "wr ^": 0
                    }
                ],
                "I": [
                    {
                        "rd ^": 0,
                        "wr v": 451584,
                        "rd v": 451584,
                        "wr ^": 0
                    },
                    {
                        "rd ^": 0,
                        "wr v": 0,
                        "rd v": 7056,
                        "wr ^": 0
                    }
                ]
            }
        },
        "energy": {
            "energy_total": 173267574.758108,
            "operational_energy": 10653703.294420833,
            "operational_energy_breakdown": {
                "cells": 1954907.1810861463,
                "wl_drivers": 8240799.42493561,
                "bl_drivers": 24117.526829796563,
                "dacs": 146313.21600000001,
                "adcs": 281420.79049728,
                "adders_regular": 0,
                "adders_pv": 6145.155071999999
            },
            "memory_energy": 162613871.46368715,
            "memory_energy_breakdown_per_level": {
                "O": [
                    8429.568000000001,
                    1217909.504
                ],
                "W": [
                    108557498.40768716,
                    51609600
                ],
                "I": [
                    9031.68,
                    1211402.304
                ]
            },
            "memory_energy_breakdown_per_level_per_operand": {
                "O": [
                    {
                        "rd ^": 2107.3920000000003,
                        "wr v": 2107.3920000000003,
                        "rd v": 2107.3920000000003,
                        "wr ^": 2107.3920000000003
                    },
                    {
                        "rd ^": 0.0,
                        "wr v": 0.0,
                        "rd v": 538401.024,
                        "wr ^": 679508.48
                    }
                ],
                "W": [
                    {
                        "rd ^": 0,
                        "wr v": 108557498.40768716,
                        "rd v": 0,
                        "wr ^": 0.0
                    },
                    {
                        "rd ^": 0,
                        "wr v": 0,
                        "rd v": 51609600,
                        "wr ^": 0
                    }
                ],
                "I": [
                    {
                        "rd ^": 0.0,
                        "wr v": 4515.84,
                        "rd v": 4515.84,
                        "wr ^": 0.0
                    },
                    {
                        "rd ^": 0.0,
                        "wr v": 0.0,
                        "rd v": 1211402.304,
                        "wr ^": 0.0
                    }
                ]
            }
        },
        "latency": {
            "data_onloading": 36864.0,
            "computation": 43135.0,
            "data_offloading": 8.0,
            "computation_breakdown": {
                "mac_computation": 6272.0,
                "memory_stalling": 36863
            }
        },
        "clock": {
            "tclk (ns)": 24.835963076923072,
            "tclk_breakdown (ns)": {
                "cells": 0,
                "wl_drivers": 0,
                "bl_drivers": 0,
                "dacs": 0,
                "adcs": 23.076923076923073,
                "adders_regular": 0,
                "adders_pv": 0.30592,
                "accumulators": 1.4531200000000002
            }
        },
        "area (mm^2)": {
            "total_area": 3.2326672921024615,
            "total_area_breakdown:": {
                "imc_area": 1.4434672921024618,
                "mem_area": 1.7892
            },
            "total_area_breakdown_further": {
                "imc_area_breakdown": {
                    "cells": 0,
                    "access_tx": 0.822083584,
                    "dacs": 0,
                    "adcs": 0.13341969370468265,
                    "adders_regular": 0,
                    "adders_pv": 0.0013792896,
                    "accumulators": 0.0520593408,
                    "wl_drivers": 0.33912754835125974,
                    "bl_drivers": 0.0953978356465194
                },
                "mem_area_breakdown": {
                    "cells": 0,
                    "rf_1B": 0,
                    "rf_2B": 0,
                    "L1_SRAM_512KB": 1.7892,
                    "L2_DRAM": 0
                }
            }
        },
        "spatial": {
            "mac_utilization": {
                "ideal": 0.5637755102040817,
                "stalls": 0.08197519415787644,
                "stalls_onloading": 0.044200552506906333,
                "stalls_onloading_offloading": 0.044196132838376645
            }
        }
    },
    "inputs": {
        "accelerator": {
            "id": 0,
            "name": "Experiment3_2T2R_pseudo_crossbar_reram-removing-nouse-mem",
            "operational_array": {
                "operational_unit: ImcNvmArray, dimensions": {
                    "D1": 256,
                    "D2": 2048
                }
            },
            "memory_hierarchy": [
                "MemoryLevel(instance=cells,operands=[I2], served_dimensions=set())",
                "MemoryLevel(instance=rf_1B,operands=[I1], served_dimensions={D1})",
                "MemoryLevel(instance=rf_2B,operands=[O], served_dimensions={D2})",
                "MemoryLevel(instance=L2_DRAM,operands=[I2], served_dimensions={D1, D2})",
                "MemoryLevel(instance=L1_SRAM_512KB,operands=[I1, O], served_dimensions={D1, D2})"
            ],
            "mem_hierarchy_dict": {
                "I2": [
                    "MemoryLevel(instance=cells,operands=[I2], served_dimensions=set())",
                    "MemoryLevel(instance=L2_DRAM,operands=[I2], served_dimensions={D1, D2})"
                ],
                "I1": [
                    "MemoryLevel(instance=rf_1B,operands=[I1], served_dimensions={D1})",
                    "MemoryLevel(instance=L1_SRAM_512KB,operands=[I1, O], served_dimensions={D1, D2})"
                ],
                "O": [
                    "MemoryLevel(instance=rf_2B,operands=[O], served_dimensions={D2})",
                    "MemoryLevel(instance=L1_SRAM_512KB,operands=[I1, O], served_dimensions={D1, D2})"
                ]
            },
            "dataflows": null,
            "mem_size_dict": {
                "I2": [
                    8,
                    10000000000
                ],
                "I1": [
                    8,
                    4194304
                ],