{
    "outputs": {
        "memory": {
            "utilization": {
                "O": [
                    1.0,
                    0.02880859375
                ],
                "W": [
                    1.0,
                    0.0360710144
                ],
                "I": [
                    1.0,
                    0.02880859375
                ]
            },
            "word_accesses": {
                "O": [
                    {
                        "rd ^": 704512,
                        "wr v": 704512,
                        "rd v": 704512,
                        "wr ^": 704512
                    },
                    {
                        "rd ^": 0,
                        "wr v": 0,
                        "rd v": 22016,
                        "wr ^": 22016
                    }
                ],
                "W": [
                    {
                        "rd ^": 0,
                        "wr v": 45088768,
                        "rd v": 45088768,
                        "wr ^": 0
                    },
                    {
                        "rd ^": 0,
                        "wr v": 0,
                        "rd v": 5636096,
                        "wr ^": 0
                    }
                ],
                "I": [
                    {
                        "rd ^": 0,
                        "wr v": 4096,
                        "rd v": 4096,
                        "wr ^": 0
                    },
                    {
                        "rd ^": 0,
                        "wr v": 0,
                        "rd v": 64,
                        "wr ^": 0
                    }
                ]
            }
        },
        "energy": {
            "energy_total": 6115283611.050905,
            "operational_energy": 7830888.5696076155,
            "operational_energy_breakdown": {
                "cells": 762458.1295846193,
                "wl_drivers": 3214098.641925,
                "bl_drivers": 9406.382346315213,
                "dacs": 1826095.1040000003,
                "adcs": 1975688.8149196801,
                "adders_regular": 0,
                "adders_pv": 43141.49683199999
            },
            "memory_energy": 6107452722.4812975,
            "memory_energy_breakdown_per_level": {
                "O": [
                    59179.008,
                    8550221.824000001
                ],
                "W": [
                    2153565051.953297,
                    3945267200
                ],
                "I": [
                    81.92,
                    10987.776
                ]
            },
            "memory_energy_breakdown_per_level_per_operand": {
                "O": [
                    {
                        "rd ^": 14794.752,
                        "wr v": 14794.752,
                        "rd v": 14794.752,
                        "wr ^": 14794.752
                    },
                    {
                        "rd ^": 0.0,
                        "wr v": 0.0,
                        "rd v": 3779794.944,
                        "wr ^": 4770426.88
                    }
                ],
                "W": [
                    {
                        "rd ^": 0,
                        "wr v": 2153565051.953297,
                        "rd v": 0,
                        "wr ^": 0.0
                    },
                    {
                        "rd ^": 0,
                        "wr v": 0,
                        "rd v": 3945267200,
                        "wr ^": 0
                    }
                ],
                "I": [
                    {
                        "rd ^": 0.0,
                        "wr v": 40.96,
                        "rd v": 40.96,
                        "wr ^": 0.0
                    },
                    {
                        "rd ^": 0.0,
                        "wr v": 0.0,
                        "rd v": 10987.776,
                        "wr ^": 0.0
                    }
                ]
            }
        },
        "latency": {
            "data_onloading": 64.0,
            "computation": 6956993.0,
            "data_offloading": 1.0,
            "computation_breakdown": {
                "mac_computation": 1409024.0,
                "memory_stalling": 5547969
            }
        },
        "clock": {
            "tclk (ns)": 24.835963076923072,
            "tclk_breakdown (ns)": {
                "cells": 0,
                "wl_drivers": 0,
                "bl_drivers": 0,
                "dacs": 0,
                "adcs": 23.076923076923073,
                "adders_regular": 0,
                "adders_pv": 0.30592,
                "accumulators": 1.4531200000000002
            }
        },
        "area (mm^2)": {
            "total_area": 1.7962664798235817,
            "total_area_breakdown:": {
                "imc_area": 0.0070664798235816634,
                "mem_area": 1.7892
            },
            "total_area_breakdown_further": {
                "imc_area_breakdown": {
                    "cells": 0,
                    "access_tx": 0.000802816,
                    "dacs": 0,
                    "adcs": 0.004169365428271333,
                    "adders_regular": 0,
                    "adders_pv": 4.31028e-05,
                    "accumulators": 0.0016268544,
                    "wl_drivers": 0.0003311792464367771,
                    "bl_drivers": 9.31619488735541e-05
                },
                "mem_area_breakdown": {
                    "cells": 0,
                    "rf_1B": 0,
                    "rf_2B": 0,
                    "L1_SRAM_512KB": 1.7892,
                    "L2_DRAM": 0
                }
            }
        },
        "spatial": {
            "mac_utilization": {
                "ideal": 1.0,
                "stalls": 0.20253347962258983,
                "stalls_onloading": 0.20253161645793616,
                "stalls_onloading_offloading": 0.20253158734626045
            }
        }
    },
    "inputs": {
        "accelerator": {
            "id": 0,
            "name": "Experiment3_2T2R_pseudo_crossbar_reram-removing-nouse-mem",
            "operational_array": {
                "operational_unit: ImcNvmArray, dimensions": {
                    "D1": 8,
                    "D2": 64
                }
            },
            "memory_hierarchy": [
                "MemoryLevel(instance=cells,operands=[I2], served_dimensions=set())",
                "MemoryLevel(instance=rf_1B,operands=[I1], served_dimensions={D1})",
                "MemoryLevel(instance=rf_2B,operands=[O], served_dimensions={D2})",
                "MemoryLevel(instance=L2_DRAM,operands=[I2], served_dimensions={D1, D2})",
                "MemoryLevel(instance=L1_SRAM_512KB,operands=[I1, O], served_dimensions={D1, D2})"
            ],
            "mem_hierarchy_dict": {
                "I2": [
                    "MemoryLevel(instance=cells,operands=[I2], served_dimensions=set())",
                    "MemoryLevel(instance=L2_DRAM,operands=[I2], served_dimensions={D1, D2})"
                ],
                "I1": [
                    "MemoryLevel(instance=rf_1B,operands=[I1], served_dimensions={D1})",
                    "MemoryLevel(instance=L1_SRAM_512KB,operands=[I1, O], served_dimensions={D1, D2})"
                ],
                "O": [
                    "MemoryLevel(instance=rf_2B,operands=[O], served_dimensions={D2})",
                    "MemoryLevel(instance=L1_SRAM_512KB,operands=[I1, O], served_dimensions={D1, D2})"
                ]
            },
            "dataflows": null,
            "mem_size_dict": {
                "I2": [
                    8,
                    10000000000
                ],
                "I1": [
                    8,
                    4194304
                ],
                "O": [
                    16,
                    4194304
                ]
            },