{
    "outputs": {
        "memory": {
            "utilization": {
                "O": [
                    1.0,
                    0.125
                ],
                "W": [
                    1.0,
                    0.0134217728
                ],
                "I": [
                    1.0,
                    0.125
                ]
            },
            "word_accesses": {
                "O": [
                    {
                        "rd ^": 2097152,
                        "wr v": 2097152,
                        "rd v": 2097152,
                        "wr ^": 2097152
                    },
                    {
                        "rd ^": 0,
                        "wr v": 0,
                        "rd v": 65536,
                        "wr ^": 65536
                    }
                ],
                "W": [
                    {
                        "rd ^": 0,
                        "wr v": 16777216,
                        "rd v": 16777216,
                        "wr ^": 0
                    },
                    {
                        "rd ^": 0,
                        "wr v": 0,
                        "rd v": 2097152,
                        "wr ^": 0
                    }
                ],
                "I": [
                    {
                        "rd ^": 0,
                        "wr v": 16777216,
                        "rd v": 16777216,
                        "wr ^": 0
                    },
                    {
                        "rd ^": 0,
                        "wr v": 0,
                        "rd v": 262144,
                        "wr ^": 0
                    }
                ]
            }
        },
        "energy": {
            "energy_total": 2363612941.6685243,
            "operational_energy": 23310552.02115755,
            "operational_energy_breakdown": {
                "cells": 2269642.8043449135,
                "wl_drivers": 9567549.445730234,
                "bl_drivers": 28000.393961124355,
                "dacs": 5435817.984000001,
                "adcs": 5881120.193249281,
                "adders_regular": 0,
                "adders_pv": 128421.19987199997
            },
            "memory_energy": 2340302389.6473665,
            "memory_energy_breakdown_per_level": {
                "O": [
                    176160.768,
                    25451823.104000002
                ],
                "W": [
                    801326530.9593664,
                    1468006400
                ],
                "I": [
                    335544.32,
                    45005930.496
                ]
            },
            "memory_energy_breakdown_per_level_per_operand": {
                "O": [
                    {
                        "rd ^": 44040.192,
                        "wr v": 44040.192,
                        "rd v": 44040.192,
                        "wr ^": 44040.192
                    },
                    {
                        "rd ^": 0.0,
                        "wr v": 0.0,
                        "rd v": 11251482.624,
                        "wr ^": 14200340.48
                    }
                ],
                "W": [
                    {
                        "rd ^": 0,
                        "wr v": 801326530.9593664,
                        "rd v": 0,
                        "wr ^": 0.0
                    },
                    {
                        "rd ^": 0,
                        "wr v": 0,
                        "rd v": 1468006400,
                        "wr ^": 0
                    }
                ],
                "I": [
                    {
                        "rd ^": 0.0,
                        "wr v": 167772.16,
                        "rd v": 167772.16,
                        "wr ^": 0.0
                    },
                    {
                        "rd ^": 0.0,
                        "wr v": 0.0,
                        "rd v": 45005930.496,
                        "wr ^": 0.0
                    }
                ]
            }
        },
        "latency": {
            "data_onloading": 64.0,
            "computation": 6258625.0,
            "data_offloading": 1.0,
            "computation_breakdown": {
                "mac_computation": 4194304.0,
                "memory_stalling": 2064321
            }
        },
        "clock": {
            "tclk (ns)": 24.835963076923072,
            "tclk_breakdown (ns)": {
                "cells": 0,
                "wl_drivers": 0,
                "bl_drivers": 0,
                "dacs": 0,
                "adcs": 23.076923076923073,
                "adders_regular": 0,
                "adders_pv": 0.30592,
                "accumulators": 1.4531200000000002
            }
        },
        "area (mm^2)": {
            "total_area": 1.7962664798235817,
            "total_area_breakdown:": {
                "imc_area": 0.0070664798235816634,
                "mem_area": 1.7892
            },
            "total_area_breakdown_further": {
                "imc_area_breakdown": {
                    "cells": 0,
                    "access_tx": 0.000802816,
                    "dacs": 0,
                    "adcs": 0.004169365428271333,
                    "adders_regular": 0,
                    "adders_pv": 4.31028e-05,
                    "accumulators": 0.0016268544,
                    "wl_drivers": 0.0003311792464367771,
                    "bl_drivers": 9.31619488735541e-05
                },
                "mem_area_breakdown": {
                    "cells": 0,
                    "rf_1B": 0,
                    "rf_2B": 0,
                    "L1_SRAM_512KB": 1.7892,
                    "L2_DRAM": 0
                }
            }
        },
        "spatial": {
            "mac_utilization": {
                "ideal": 1.0,
                "stalls": 0.6701638139367673,
                "stalls_onloading": 0.6701569609865581,
                "stalls_onloading_offloading": 0.6701568539103231
            }
        }
    },
    "inputs": {
        "accelerator": {
            "id": 0,
            "name": "Experiment3_2T2R_pseudo_crossbar_reram-removing-nouse-mem",
            "operational_array": {
                "operational_unit: ImcNvmArray, dimensions": {
                    "D1": 8,
                    "D2": 64
                }
            },
            "memory_hierarchy": [
                "MemoryLevel(instance=cells,operands=[I2], served_dimensions=set())",
                "MemoryLevel(instance=rf_1B,operands=[I1], served_dimensions={D1})",
                "MemoryLevel(instance=rf_2B,operands=[O], served_dimensions={D2})",
                "MemoryLevel(instance=L2_DRAM,operands=[I2], served_dimensions={D1, D2})",
                "MemoryLevel(instance=L1_SRAM_512KB,operands=[I1, O], served_dimensions={D1, D2})"
            ],
            "mem_hierarchy_dict": {
                "I2": [
                    "MemoryLevel(instance=cells,operands=[I2], served_dimensions=set())",
                    "MemoryLevel(instance=L2_DRAM,operands=[I2], served_dimensions={D1, D2})"
                ],
                "I1": [
                    "MemoryLevel(instance=rf_1B,operands=[I1], served_dimensions={D1})",
                    "MemoryLevel(instance=L1_SRAM_512KB,operands=[I1, O], served_dimensions={D1, D2})"
                ],
                "O": [
                    "MemoryLevel(instance=rf_2B,operands=[O], served_dimensions={D2})",
                    "MemoryLevel(instance=L1_SRAM_512KB,operands=[I1, O], served_dimensions={D1, D2})"
                ]
            },
            "dataflows": null,
            "mem_size_dict": {
                "I2": [
                    8,
                    10000000000
                ],
                "I1": [
                    8,
                    4194304
                ],
                "O": [
                    16,
                    4194304
                ]
            },