{
    "energy": 6551955341.991811,
    "latency": 15349646.0859375
}