{
    "outputs": {
        "memory": {
            "utilization": {
                "O": [
                    0.5,
                    0.1495361328125
                ],
                "W": [
                    1.0,
                    0.00032768
                ],
                "I": [
                    1.0,
                    0.1495361328125
                ]
            },
            "word_accesses": {
                "O": [
                    {
                        "rd ^": 62720,
                        "wr v": 0,
                        "rd v": 0,
                        "wr ^": 62720
                    },
                    {
                        "rd ^": 0,
                        "wr v": 0,
                        "rd v": 0,
                        "wr ^": 980
                    }
                ],
                "W": [
                    {
                        "rd ^": 0,
                        "wr v": 409600,
                        "rd v": 409600,
                        "wr ^": 0
                    },
                    {
                        "rd ^": 0,
                        "wr v": 0,
                        "rd v": 51200,
                        "wr ^": 0
                    }
                ],
                "I": [
                    {
                        "rd ^": 0,
                        "wr v": 78400,
                        "rd v": 78400,
                        "wr ^": 0
                    },
                    {
                        "rd ^": 0,
                        "wr v": 0,
                        "rd v": 1225,
                        "wr ^": 0
                    }
                ]
            }
        },
        "energy": {
            "energy_total": 113633418.55105028,
            "operational_energy": 1979405.3390453057,
            "operational_energy_breakdown": {
                "cells": 339393.60782745597,
                "wl_drivers": 1430694.3446068768,
                "bl_drivers": 4187.070630173014,
                "dacs": 25401.600000000006,
                "adcs": 175887.9940608,
                "adders_regular": 0,
                "adders_pv": 3840.721919999999
            },
            "memory_energy": 111654013.21200497,
            "memory_energy_breakdown_per_level": {
                "O": [
                    2634.2400000000002,
                    212346.4
                ],
                "W": [
                    75387151.67200497,
                    35840000
                ],
                "I": [
                    1568.0,
                    210312.9
                ]
            },
            "memory_energy_breakdown_per_level_per_operand": {
                "O": [
                    {
                        "rd ^": 1317.1200000000001,
                        "wr v": 0.0,
                        "rd v": 0.0,
                        "wr ^": 1317.1200000000001
                    },
                    {
                        "rd ^": 0.0,
                        "wr v": 0.0,
                        "rd v": 0.0,
                        "wr ^": 212346.4
                    }
                ],
                "W": [
                    {
                        "rd ^": 0,
                        "wr v": 75387151.67200497,
                        "rd v": 0,
                        "wr ^": 0.0
                    },
                    {
                        "rd ^": 0,
                        "wr v": 0,
                        "rd v": 35840000,
                        "wr ^": 0
                    }
                ],
                "I": [
                    {
                        "rd ^": 0.0,
                        "wr v": 784.0,
                        "rd v": 784.0,
                        "wr ^": 0.0
                    },
                    {
                        "rd ^": 0.0,
                        "wr v": 0.0,
                        "rd v": 210312.9,
                        "wr ^": 0.0
                    }
                ]
            }
        },
        "latency": {
            "data_onloading": 10240.0,
            "computation": 44876.0,
            "data_offloading": 4.0,
            "computation_breakdown": {
                "mac_computation": 3920.0,
                "memory_stalling": 40956
            }
        },
        "clock": {
            "tclk (ns)": 24.835963076923072,
            "tclk_breakdown (ns)": {
                "cells": 0,
                "wl_drivers": 0,
                "bl_drivers": 0,
                "dacs": 0,
                "adcs": 23.076923076923073,
                "adders_regular": 0,
                "adders_pv": 0.30592,
                "accumulators": 1.4531200000000002
            }
        },
        "area (mm^2)": {
            "total_area": 3.2326672921024615,
            "total_area_breakdown:": {
                "imc_area": 1.4434672921024618,
                "mem_area": 1.7892
            },
            "total_area_breakdown_further": {
                "imc_area_breakdown": {
                    "cells": 0,
                    "access_tx": 0.822083584,
                    "dacs": 0,
                    "adcs": 0.13341969370468265,
                    "adders_regular": 0,
                    "adders_pv": 0.0013792896,
                    "accumulators": 0.0520593408,
                    "wl_drivers": 0.33912754835125974,
                    "bl_drivers": 0.0953978356465194
                },
                "mem_area_breakdown": {
                    "cells": 0,
                    "rf_1B": 0,
                    "rf_2B": 0,
                    "L1_SRAM_512KB": 1.7892,
                    "L2_DRAM": 0
                }
            }
        },
        "spatial": {
            "mac_utilization": {
                "ideal": 0.15918367346938775,
                "stalls": 0.013904982618771726,
                "stalls_onloading": 0.011321576311778794,
                "stalls_onloading_offloading": 0.011320754716981131
            }
        }
    },
    "inputs": {
        "accelerator": {
            "id": 0,
            "name": "Experiment3_2T2R_pseudo_crossbar_reram-removing-nouse-mem",
            "operational_array": {
                "operational_unit: ImcNvmArray, dimensions": {
                    "D1": 256,
                    "D2": 2048
                }
            },
            "memory_hierarchy": [
                "MemoryLevel(instance=cells,operands=[I2], served_dimensions=set())",
                "MemoryLevel(instance=rf_1B,operands=[I1], served_dimensions={D1})",
                "MemoryLevel(instance=rf_2B,operands=[O], served_dimensions={D2})",
                "MemoryLevel(instance=L2_DRAM,operands=[I2], served_dimensions={D1, D2})",
                "MemoryLevel(instance=L1_SRAM_512KB,operands=[I1, O], served_dimensions={D1, D2})"
            ],
            "mem_hierarchy_dict": {
                "I2": [
                    "MemoryLevel(instance=cells,operands=[I2], served_dimensions=set())",
                    "MemoryLevel(instance=L2_DRAM,operands=[I2], served_dimensions={D1, D2})"
                ],
                "I1": [
                    "MemoryLevel(instance=rf_1B,operands=[I1], served_dimensions={D1})",
                    "MemoryLevel(instance=L1_SRAM_512KB,operands=[I1, O], served_dimensions={D1, D2})"
                ],
                "O": [
                    "MemoryLevel(instance=rf_2B,operands=[O], served_dimensions={D2})",
                    "MemoryLevel(instance=L1_SRAM_512KB,operands=[I1, O], served_dimensions={D1, D2})"
                ]
            },
            "dataflows": null,
            "mem_size_dict": {
                "I2": [
                    8,
                    10000000000
                ],
                "I1": [
                    8,
                    4194304
                ],
                "O": [
                    16,
                    4194304
                ]
            },