{
    "energy": 2236385591.2556105,
    "latency": 2469802.71875
}