{
    "energy": 1766867665.270948,
    "latency": 2197406.984375
}