{
    "outputs": {
        "memory": {
            "utilization": {
                "O": [
                    1.0,
                    0.02880859375
                ],
                "W": [
                    1.0,
                    0.0360710144
                ],
                "I": [
                    1.0,
                    0.02880859375
                ]
            },
            "word_accesses": {
                "O": [
                    {
                        "rd ^": 24576,
                        "wr v": 24576,
                        "rd v": 24576,
                        "wr ^": 24576
                    },
                    {
                        "rd ^": 0,
                        "wr v": 0,
                        "rd v": 768,
                        "wr ^": 768
                    }
                ],
                "W": [
                    {
                        "rd ^": 0,
                        "wr v": 45088800,
                        "rd v": 45088800,
                        "wr ^": 0
                    },
                    {
                        "rd ^": 0,
                        "wr v": 0,
                        "rd v": 5636160,
                        "wr ^": 0
                    }
                ],
                "I": [
                    {
                        "rd ^": 0,
                        "wr v": 11010,
                        "rd v": 11010,
                        "wr ^": 0
                    },
                    {
                        "rd ^": 0,
                        "wr v": 0,
                        "rd v": 172,
                        "wr ^": 0
                    }
                ]
            }
        },
        "energy": {
            "energy_total": 12248371740.532629,
            "operational_energy": 4106117.0730981748,
            "operational_energy_breakdown": {
                "cells": 762458.1295846193,
                "wl_drivers": 3214098.641925,
                "bl_drivers": 9406.382346315213,
                "dacs": 57065.47200000001,
                "adcs": 61740.275466240004,
                "adders_regular": 0,
                "adders_pv": 1348.1717759999997
            },
            "memory_energy": 12244265623.459532,
            "memory_energy_breakdown_per_level": {
                "O": [
                    2064.384,
                    298263.552
                ],
                "W": [
                    8298623545.675531,
                    3945312000
                ],
                "I": [
                    220.20000000000002,
                    29529.648
                ]
            },
            "memory_energy_breakdown_per_level_per_operand": {
                "O": [
                    {
                        "rd ^": 516.096,
                        "wr v": 516.096,
                        "rd v": 516.096,
                        "wr ^": 516.096
                    },
                    {
                        "rd ^": 0.0,
                        "wr v": 0.0,
                        "rd v": 131853.312,
                        "wr ^": 166410.24
                    }
                ],
                "W": [
                    {
                        "rd ^": 0,
                        "wr v": 8298623545.675531,
                        "rd v": 0,
                        "wr ^": 0.0
                    },
                    {
                        "rd ^": 0,
                        "wr v": 0,
                        "rd v": 3945312000,
                        "wr ^": 0
                    }
                ],
                "I": [
                    {
                        "rd ^": 0.0,
                        "wr v": 110.10000000000001,
                        "rd v": 110.10000000000001,
                        "wr ^": 0.0
                    },
                    {
                        "rd ^": 0.0,
                        "wr v": 0.0,
                        "rd v": 29529.648,
                        "wr ^": 0.0
                    }
                ]
            }
        },
        "latency": {
            "data_onloading": 58688.0,
            "computation": 5576801.0,
            "data_offloading": 8.0,
            "computation_breakdown": {
                "mac_computation": 1536.0,
                "memory_stalling": 5575265
            }
        },
        "clock": {
            "tclk (ns)": 24.835963076923072,
            "tclk_breakdown (ns)": {
                "cells": 0,
                "wl_drivers": 0,
                "bl_drivers": 0,
                "dacs": 0,
                "adcs": 23.076923076923073,
                "adders_regular": 0,
                "adders_pv": 0.30592,
                "accumulators": 1.4531200000000002
            }
        },
        "area (mm^2)": {
            "total_area": 3.2326672921024615,
            "total_area_breakdown:": {
                "imc_area": 1.4434672921024618,
                "mem_area": 1.7892
            },
            "total_area_breakdown_further": {
                "imc_area_breakdown": {
                    "cells": 0,
                    "access_tx": 0.822083584,
                    "dacs": 0,
                    "adcs": 0.13341969370468265,
                    "adders_regular": 0,
                    "adders_pv": 0.0013792896,
                    "accumulators": 0.0520593408,
                    "wl_drivers": 0.33912754835125974,
                    "bl_drivers": 0.0953978356465194
                },
                "mem_area_breakdown": {
                    "cells": 0,
                    "rf_1B": 0,
                    "rf_2B": 0,
                    "L1_SRAM_512KB": 1.7892,
                    "L2_DRAM": 0
                }
            }
        },
        "spatial": {
            "mac_utilization": {
                "ideal": 0.8958333333333334,
                "stalls": 0.00024673643545824927,
                "stalls_onloading": 0.0002441669214508271,
                "stalls_onloading_offloading": 0.00024416657483803116
            }
        }
    },
    "inputs": {
        "accelerator": {
            "id": 0,
            "name": "Experiment3_2T2R_pseudo_crossbar_reram-removing-nouse-mem",
            "operational_array": {
                "operational_unit: ImcNvmArray, dimensions": {
                    "D1": 256,
                    "D2": 2048
                }
            },
            "memory_hierarchy": [
                "MemoryLevel(instance=cells,operands=[I2], served_dimensions=set())",
                "MemoryLevel(instance=rf_1B,operands=[I1], served_dimensions={D1})",
                "MemoryLevel(instance=rf_2B,operands=[O], served_dimensions={D2})",
                "MemoryLevel(instance=L2_DRAM,operands=[I2], served_dimensions={D1, D2})",
                "MemoryLevel(instance=L1_SRAM_512KB,operands=[I1, O], served_dimensions={D1, D2})"
            ],
            "mem_hierarchy_dict": {
                "I2": [
                    "MemoryLevel(instance=cells,operands=[I2], served_dimensions=set())",
                    "MemoryLevel(instance=L2_DRAM,operands=[I2], served_dimensions={D1, D2})"
                ],
                "I1": [
                    "MemoryLevel(instance=rf_1B,operands=[I1], served_dimensions={D1})",
                    "MemoryLevel(instance=L1_SRAM_512KB,operands=[I1, O], served_dimensions={D1, D2})"
                ],
                "O": [
                    "MemoryLevel(instance=rf_2B,operands=[O], served_dimensions={D2})",
                    "MemoryLevel(instance=L1_SRAM_512KB,operands=[I1, O], served_dimensions={D1, D2})"
                ]
            },
            "dataflows": null,
            "mem_size_dict": {
                "I2": [
                    8,
                    10000000000
                ],
                "I1": [
                    8,
                    4194304
                ],