{
    "outputs": {
        "memory": {
            "utilization": {
                "O": [
                    1.0,
                    0.02880859375
                ],
                "W": [
                    1.0,
                    0.0360710144
                ],
                "I": [
                    1.0,
                    0.02880859375
                ]
            },
            "word_accesses": {
                "O": [
                    {
                        "rd ^": 22016,
                        "wr v": 22016,
                        "rd v": 22016,
                        "wr ^": 22016
                    },
                    {
                        "rd ^": 0,
                        "wr v": 0,
                        "rd v": 688,
                        "wr ^": 688
                    }
                ],
                "W": [
                    {
                        "rd ^": 0,
                        "wr v": 45088768,
                        "rd v": 45088768,
                        "wr ^": 0
                    },
                    {
                        "rd ^": 0,
                        "wr v": 0,
                        "rd v": 5636096,
                        "wr ^": 0
                    }
                ],
                "I": [
                    {
                        "rd ^": 0,
                        "wr v": 4096,
                        "rd v": 4096,
                        "wr ^": 0
                    },
                    {
                        "rd ^": 0,
                        "wr v": 0,
                        "rd v": 64,
                        "wr ^": 0
                    }
                ]
            }
        },
        "energy": {
            "energy_total": 12248271086.599403,
            "operational_energy": 4106117.0730981748,
            "operational_energy_breakdown": {
                "cells": 762458.1295846193,
                "wl_drivers": 3214098.641925,
                "bl_drivers": 9406.382346315213,
                "dacs": 57065.47200000001,
                "adcs": 61740.275466240004,
                "adders_regular": 0,
                "adders_pv": 1348.1717759999997
            },
            "memory_energy": 12244164969.526306,
            "memory_energy_breakdown_per_level": {
                "O": [
                    1849.344,
                    267194.43200000003
                ],
                "W": [
                    8298617656.054307,
                    3945267200
                ],
                "I": [
                    81.92,
                    10987.776
                ]
            },
            "memory_energy_breakdown_per_level_per_operand": {
                "O": [
                    {
                        "rd ^": 462.336,
                        "wr v": 462.336,
                        "rd v": 462.336,
                        "wr ^": 462.336
                    },
                    {
                        "rd ^": 0.0,
                        "wr v": 0.0,
                        "rd v": 118118.592,
                        "wr ^": 149075.84
                    }
                ],
                "W": [
                    {
                        "rd ^": 0,
                        "wr v": 8298617656.054307,
                        "rd v": 0,
                        "wr ^": 0.0
                    },
                    {
                        "rd ^": 0,
                        "wr v": 0,
                        "rd v": 3945267200,
                        "wr ^": 0
                    }
                ],
                "I": [
                    {
                        "rd ^": 0.0,
                        "wr v": 40.96,
                        "rd v": 40.96,
                        "wr ^": 0.0
                    },
                    {
                        "rd ^": 0.0,
                        "wr v": 0.0,
                        "rd v": 10987.776,
                        "wr ^": 0.0
                    }
                ]
            }
        },
        "latency": {
            "data_onloading": 65536.0,
            "computation": 5571851.0,
            "data_offloading": 8.0,
            "computation_breakdown": {
                "mac_computation": 1376.0,
                "memory_stalling": 5570475
            }
        },
        "clock": {
            "tclk (ns)": 24.835963076923072,
            "tclk_breakdown (ns)": {
                "cells": 0,
                "wl_drivers": 0,
                "bl_drivers": 0,
                "dacs": 0,
                "adcs": 23.076923076923073,
                "adders_regular": 0,
                "adders_pv": 0.30592,
                "accumulators": 1.4531200000000002
            }
        },
        "area (mm^2)": {
            "total_area": 3.2326672921024615,
            "total_area_breakdown:": {
                "imc_area": 1.4434672921024618,
                "mem_area": 1.7892
            },
            "total_area_breakdown_further": {
                "imc_area_breakdown": {
                    "cells": 0,
                    "access_tx": 0.822083584,
                    "dacs": 0,
                    "adcs": 0.13341969370468265,
                    "adders_regular": 0,
                    "adders_pv": 0.0013792896,
                    "accumulators": 0.0520593408,
                    "wl_drivers": 0.33912754835125974,
                    "bl_drivers": 0.0953978356465194
                },
                "mem_area_breakdown": {
                    "cells": 0,
                    "rf_1B": 0,
                    "rf_2B": 0,
                    "L1_SRAM_512KB": 1.7892,
                    "L2_DRAM": 0
                }
            }
        },
        "spatial": {
            "mac_utilization": {
                "ideal": 1.0,
                "stalls": 0.00024695563467149427,
                "stalls_onloading": 0.00024408471513486657,
                "stalls_onloading_offloading": 0.00024408436875542693
            }
        }
    },
    "inputs": {
        "accelerator": {
            "id": 0,
            "name": "Experiment3_2T2R_pseudo_crossbar_reram-removing-nouse-mem",
            "operational_array": {
                "operational_unit: ImcNvmArray, dimensions": {
                    "D1": 256,
                    "D2": 2048
                }
            },
            "memory_hierarchy": [
                "MemoryLevel(instance=cells,operands=[I2], served_dimensions=set())",
                "MemoryLevel(instance=rf_1B,operands=[I1], served_dimensions={D1})",
                "MemoryLevel(instance=rf_2B,operands=[O], served_dimensions={D2})",
                "MemoryLevel(instance=L2_DRAM,operands=[I2], served_dimensions={D1, D2})",
                "MemoryLevel(instance=L1_SRAM_512KB,operands=[I1, O], served_dimensions={D1, D2})"
            ],
            "mem_hierarchy_dict": {
                "I2": [
                    "MemoryLevel(instance=cells,operands=[I2], served_dimensions=set())",
                    "MemoryLevel(instance=L2_DRAM,operands=[I2], served_dimensions={D1, D2})"
                ],
                "I1": [
                    "MemoryLevel(instance=rf_1B,operands=[I1], served_dimensions={D1})",
                    "MemoryLevel(instance=L1_SRAM_512KB,operands=[I1, O], served_dimensions={D1, D2})"
                ],
                "O": [
                    "MemoryLevel(instance=rf_2B,operands=[O], served_dimensions={D2})",
                    "MemoryLevel(instance=L1_SRAM_512KB,operands=[I1, O], served_dimensions={D1, D2})"
                ]
            },
            "dataflows": null,
            "mem_size_dict": {
                "I2": [
                    8,
                    10000000000
                ],
                "I1": [
                    8,
                    4194304
                ],
                "O": [
                    16,
                    4194304
                ]
            },