{
    "outputs": {
        "memory": {
            "utilization": {
                "O": [
                    1.0,
                    0.125
                ],
                "W": [
                    1.0,
                    0.0134217728
                ],
                "I": [
                    1.0,
                    0.125
                ]
            },
            "word_accesses": {
                "O": [
                    {
                        "rd ^": 65536,
                        "wr v": 65536,
                        "rd v": 65536,
                        "wr ^": 65536
                    },
                    {
                        "rd ^": 0,
                        "wr v": 0,
                        "rd v": 2048,
                        "wr ^": 2048
                    }
                ],
                "W": [
                    {
                        "rd ^": 0,
                        "wr v": 16777216,
                        "rd v": 16777216,
                        "wr ^": 0
                    },
                    {
                        "rd ^": 0,
                        "wr v": 0,
                        "rd v": 2097152,
                        "wr ^": 0
                    }
                ],
                "I": [
                    {
                        "rd ^": 0,
                        "wr v": 524288,
                        "rd v": 524288,
                        "wr ^": 0
                    },
                    {
                        "rd ^": 0,
                        "wr v": 0,
                        "rd v": 8192,
                        "wr ^": 0
                    }
                ]
            }
        },
        "energy": {
            "energy_total": 4570304788.193894,
            "operational_energy": 12222860.124571312,
            "operational_energy_breakdown": {
                "cells": 2269642.8043449135,
                "wl_drivers": 9567549.445730234,
                "bl_drivers": 28000.393961124355,
                "dacs": 169869.31200000003,
                "adcs": 183785.00603904002,
                "adders_regular": 0,
                "adders_pv": 4013.162495999999
            },
            "memory_energy": 4558081928.069324,
            "memory_energy_breakdown_per_level": {
                "O": [
                    5505.024,
                    795369.4720000001
                ],
                "W": [
                    3087857732.4853234,
                    1468006400
                ],
                "I": [
                    10485.76,
                    1406435.328
                ]
            },
            "memory_energy_breakdown_per_level_per_operand": {
                "O": [
                    {
                        "rd ^": 1376.256,
                        "wr v": 1376.256,
                        "rd v": 1376.256,
                        "wr ^": 1376.256
                    },
                    {
                        "rd ^": 0.0,
                        "wr v": 0.0,
                        "rd v": 351608.832,
                        "wr ^": 443760.64
                    }
                ],
                "W": [
                    {
                        "rd ^": 0,
                        "wr v": 3087857732.4853234,
                        "rd v": 0,
                        "wr ^": 0.0
                    },
                    {
                        "rd ^": 0,
                        "wr v": 0,
                        "rd v": 1468006400,
                        "wr ^": 0
                    }
                ],
                "I": [
                    {
                        "rd ^": 0.0,
                        "wr v": 5242.88,
                        "rd v": 5242.88,
                        "wr ^": 0.0
                    },
                    {
                        "rd ^": 0.0,
                        "wr v": 0.0,
                        "rd v": 1406435.328,
                        "wr ^": 0.0
                    }
                ]
            }
        },
        "latency": {
            "data_onloading": 65536.0,
            "computation": 2035681.0,
            "data_offloading": 8.0,
            "computation_breakdown": {
                "mac_computation": 4096.0,
                "memory_stalling": 2031585
            }
        },
        "clock": {
            "tclk (ns)": 24.835963076923072,
            "tclk_breakdown (ns)": {
                "cells": 0,
                "wl_drivers": 0,
                "bl_drivers": 0,
                "dacs": 0,
                "adcs": 23.076923076923073,
                "adders_regular": 0,
                "adders_pv": 0.30592,
                "accumulators": 1.4531200000000002
            }
        },
        "area (mm^2)": {
            "total_area": 3.2326672921024615,
            "total_area_breakdown:": {
                "imc_area": 1.4434672921024618,
                "mem_area": 1.7892
            },
            "total_area_breakdown_further": {
                "imc_area_breakdown": {
                    "cells": 0,
                    "access_tx": 0.822083584,
                    "dacs": 0,
                    "adcs": 0.13341969370468265,
                    "adders_regular": 0,
                    "adders_pv": 0.0013792896,
                    "accumulators": 0.0520593408,
                    "wl_drivers": 0.33912754835125974,
                    "bl_drivers": 0.0953978356465194
                },
                "mem_area_breakdown": {
                    "cells": 0,
                    "rf_1B": 0,
                    "rf_2B": 0,
                    "L1_SRAM_512KB": 1.7892,
                    "L2_DRAM": 0
                }
            }
        },
        "spatial": {
            "mac_utilization": {
                "ideal": 1.0,
                "stalls": 0.002012103075088877,
                "stalls_onloading": 0.0019493464977677222,
                "stalls_onloading_offloading": 0.0019493390760151816
            }
        }
    },
    "inputs": {
        "accelerator": {
            "id": 0,
            "name": "Experiment3_2T2R_pseudo_crossbar_reram-removing-nouse-mem",
            "operational_array": {
                "operational_unit: ImcNvmArray, dimensions": {
                    "D1": 256,
                    "D2": 2048
                }
            },
            "memory_hierarchy": [
                "MemoryLevel(instance=cells,operands=[I2], served_dimensions=set())",
                "MemoryLevel(instance=rf_1B,operands=[I1], served_dimensions={D1})",
                "MemoryLevel(instance=rf_2B,operands=[O], served_dimensions={D2})",
                "MemoryLevel(instance=L2_DRAM,operands=[I2], served_dimensions={D1, D2})",
                "MemoryLevel(instance=L1_SRAM_512KB,operands=[I1, O], served_dimensions={D1, D2})"
            ],
            "mem_hierarchy_dict": {
                "I2": [
                    "MemoryLevel(instance=cells,operands=[I2], served_dimensions=set())",
                    "MemoryLevel(instance=L2_DRAM,operands=[I2], served_dimensions={D1, D2})"
                ],
                "I1": [
                    "MemoryLevel(instance=rf_1B,operands=[I1], served_dimensions={D1})",
                    "MemoryLevel(instance=L1_SRAM_512KB,operands=[I1, O], served_dimensions={D1, D2})"
                ],
                "O": [
                    "MemoryLevel(instance=rf_2B,operands=[O], served_dimensions={D2})",
                    "MemoryLevel(instance=L1_SRAM_512KB,operands=[I1, O], served_dimensions={D1, D2})"
                ]
            },
            "dataflows": null,
            "mem_size_dict": {
                "I2": [
                    8,
                    10000000000
                ],
                "I1": [
                    8,
                    4194304
                ],
                "O": [
                    16,
                    4194304
                ]
            },