{
    "energy": 2165738516.572072,
    "latency": 2200048.71875
}