{
    "outputs": {
        "memory": {
            "utilization": {
                "O": [
                    0.5,
                    0.179443359375
                ],
                "W": [
                    1.0,
                    6.912e-06
                ],
                "I": [
                    1.0,
                    0.179443359375
                ]
            },
            "word_accesses": {
                "O": [
                    {
                        "rd ^": 47040,
                        "wr v": 0,
                        "rd v": 0,
                        "wr ^": 47040
                    },
                    {
                        "rd ^": 0,
                        "wr v": 0,
                        "rd v": 0,
                        "wr ^": 5880
                    }
                ],
                "W": [
                    {
                        "rd ^": 0,
                        "wr v": 8640,
                        "rd v": 8640,
                        "wr ^": 0
                    },
                    {
                        "rd ^": 0,
                        "wr v": 0,
                        "rd v": 1920,
                        "wr ^": 0
                    }
                ],
                "I": [
                    {
                        "rd ^": 0,
                        "wr v": 423360,
                        "rd v": 423360,
                        "wr ^": 0
                    },
                    {
                        "rd ^": 0,
                        "wr v": 0,
                        "rd v": 11760,
                        "wr ^": 0
                    }
                ]
            }
        },
        "energy": {
            "energy_total": 5581456.06680263,
            "operational_energy": 521260.4997219626,
            "operational_energy_breakdown": {
                "cells": 7159.083915110399,
                "wl_drivers": 241429.67065241045,
                "bl_drivers": 706.5681688416962,
                "dacs": 137168.64,
                "adcs": 131915.99554560002,
                "adders_regular": 0,
                "adders_pv": 2880.5414399999995
            },
            "memory_energy": 5060195.567080667,
            "memory_energy_breakdown_per_level": {
                "O": [
                    1975.68,
                    1274078.4000000001
                ],
                "W": [
                    412670.44708066736,
                    1344000
                ],
                "I": [
                    8467.2,
                    2019003.84
                ]
            },
            "memory_energy_breakdown_per_level_per_operand": {
                "O": [
                    {
                        "rd ^": 987.84,
                        "wr v": 0.0,
                        "rd v": 0.0,
                        "wr ^": 987.84
                    },
                    {
                        "rd ^": 0.0,
                        "wr v": 0.0,
                        "rd v": 0.0,
                        "wr ^": 1274078.4000000001
                    }
                ],
                "W": [
                    {
                        "rd ^": 0,
                        "wr v": 412670.44708066736,
                        "rd v": 0,
                        "wr ^": 0.0
                    },
                    {
                        "rd ^": 0,
                        "wr v": 0,
                        "rd v": 1344000,
                        "wr ^": 0
                    }
                ],
                "I": [
                    {
                        "rd ^": 0.0,
                        "wr v": 4233.6,
                        "rd v": 4233.6,
                        "wr ^": 0.0
                    },
                    {
                        "rd ^": 0.0,
                        "wr v": 0.0,
                        "rd v": 2019003.84,
                        "wr ^": 0.0
                    }
                ]
            }
        },
        "latency": {
            "data_onloading": 2.0,
            "computation": 95039.0,
            "data_offloading": 1.0,
            "computation_breakdown": {
                "mac_computation": 94080.0,
                "memory_stalling": 959
            }
        },
        "clock": {
            "tclk (ns)": 24.835963076923072,
            "tclk_breakdown (ns)": {
                "cells": 0,
                "wl_drivers": 0,
                "bl_drivers": 0,
                "dacs": 0,
                "adcs": 23.076923076923073,
                "adders_regular": 0,
                "adders_pv": 0.30592,
                "accumulators": 1.4531200000000002
            }
        },
        "area (mm^2)": {
            "total_area": 1.7962664798235817,
            "total_area_breakdown:": {
                "imc_area": 0.0070664798235816634,
                "mem_area": 1.7892
            },
            "total_area_breakdown_further": {
                "imc_area_breakdown": {
                    "cells": 0,
                    "access_tx": 0.000802816,
                    "dacs": 0,
                    "adcs": 0.004169365428271333,
                    "adders_regular": 0,
                    "adders_pv": 4.31028e-05,
                    "accumulators": 0.0016268544,
                    "wl_drivers": 0.0003311792464367771,
                    "bl_drivers": 9.31619488735541e-05
                },
                "mem_area_breakdown": {
                    "cells": 0,
                    "rf_1B": 0,
                    "rf_2B": 0,
                    "L1_SRAM_512KB": 1.7892,
                    "L2_DRAM": 0
                }
            }
        },
        "spatial": {
            "mac_utilization": {
                "ideal": 0.01758078231292517,
                "stalls": 0.017403381769589325,
                "stalls_onloading": 0.0174030155406614,
                "stalls_onloading_offloading": 0.01740283243197744
            }
        }
    },
    "inputs": {
        "accelerator": {
            "id": 0,
            "name": "Experiment3_2T2R_pseudo_crossbar_reram-removing-nouse-mem",
            "operational_array": {
                "operational_unit: ImcNvmArray, dimensions": {
                    "D1": 8,
                    "D2": 64
                }
            },
            "memory_hierarchy": [
                "MemoryLevel(instance=cells,operands=[I2], served_dimensions=set())",
                "MemoryLevel(instance=rf_1B,operands=[I1], served_dimensions={D1})",
                "MemoryLevel(instance=rf_2B,operands=[O], served_dimensions={D2})",
                "MemoryLevel(instance=L2_DRAM,operands=[I2], served_dimensions={D1, D2})",
                "MemoryLevel(instance=L1_SRAM_512KB,operands=[I1, O], served_dimensions={D1, D2})"
            ],
            "mem_hierarchy_dict": {
                "I2": [
                    "MemoryLevel(instance=cells,operands=[I2], served_dimensions=set())",
                    "MemoryLevel(instance=L2_DRAM,operands=[I2], served_dimensions={D1, D2})"
                ],
                "I1": [
                    "MemoryLevel(instance=rf_1B,operands=[I1], served_dimensions={D1})",
                    "MemoryLevel(instance=L1_SRAM_512KB,operands=[I1, O], served_dimensions={D1, D2})"
                ],
                "O": [
                    "MemoryLevel(instance=rf_2B,operands=[O], served_dimensions={D2})",
                    "MemoryLevel(instance=L1_SRAM_512KB,operands=[I1, O], served_dimensions={D1, D2})"
                ]
            },
            "dataflows": null,
            "mem_size_dict": {
                "I2": [
                    8,
                    10000000000
                ],
                "I1": [
                    8,
                    4194304
                ],
                "O": [
                    16,
                    4194304
                ]
            },