{
    "outputs": {
        "memory": {
            "utilization": {
                "O": [
                    1.0,
                    0.11962890625
                ],
                "W": [
                    1.0,
                    0.00024576
                ],
                "I": [
                    1.0,
                    0.11962890625
                ]
            },
            "word_accesses": {
                "O": [
                    {
                        "rd ^": 235200,
                        "wr v": 235200,
                        "rd v": 235200,
                        "wr ^": 235200
                    },
                    {
                        "rd ^": 0,
                        "wr v": 0,
                        "rd v": 7350,
                        "wr ^": 7350
                    }
                ],
                "W": [
                    {
                        "rd ^": 0,
                        "wr v": 307200,
                        "rd v": 307200,
                        "wr ^": 0
                    },
                    {
                        "rd ^": 0,
                        "wr v": 0,
                        "rd v": 38400,
                        "wr ^": 0
                    }
                ],
                "I": [
                    {
                        "rd ^": 0,
                        "wr v": 1881600,
                        "rd v": 1881600,
                        "wr ^": 0
                    },
                    {
                        "rd ^": 0,
                        "wr v": 0,
                        "rd v": 29400,
                        "wr ^": 0
                    }
                ]
            }
        },
        "energy": {
            "energy_total": 52126428.15953899,
            "operational_energy": 2614327.35222638,
            "operational_energy_breakdown": {
                "cells": 254545.20587059195,
                "wl_drivers": 1073020.7584551577,
                "bl_drivers": 3140.302972629761,
                "dacs": 609638.4000000001,
                "adcs": 659579.977728,
                "adders_regular": 0,
                "adders_pv": 14402.707199999997
            },
            "memory_energy": 49512100.807312615,
            "memory_energy_breakdown_per_level": {
                "O": [
                    19756.800000000003,
                    2854475.4
                ],
                "W": [
                    14672727.007312618,
                    26880000
                ],
                "I": [
                    37632.0,
                    5047509.6
                ]
            },
            "memory_energy_breakdown_per_level_per_operand": {
                "O": [
                    {
                        "rd ^": 4939.200000000001,
                        "wr v": 4939.200000000001,
                        "rd v": 4939.200000000001,
                        "wr ^": 4939.200000000001
                    },
                    {
                        "rd ^": 0.0,
                        "wr v": 0.0,
                        "rd v": 1261877.4,
                        "wr ^": 1592598.0
                    }
                ],
                "W": [
                    {
                        "rd ^": 0,
                        "wr v": 14672727.007312618,
                        "rd v": 0,
                        "wr ^": 0.0
                    },
                    {
                        "rd ^": 0,
                        "wr v": 0,
                        "rd v": 26880000,
                        "wr ^": 0
                    }
                ],
                "I": [
                    {
                        "rd ^": 0.0,
                        "wr v": 18816.0,
                        "rd v": 18816.0,
                        "wr ^": 0.0
                    },
                    {
                        "rd ^": 0.0,
                        "wr v": 0.0,
                        "rd v": 5047509.6,
                        "wr ^": 0.0
                    }
                ]
            }
        },
        "latency": {
            "data_onloading": 64.0,
            "computation": 508137.0,
            "data_offloading": 1.0,
            "computation_breakdown": {
                "mac_computation": 470400.0,
                "memory_stalling": 37737
            }
        },
        "clock": {
            "tclk (ns)": 24.835963076923072,
            "tclk_breakdown (ns)": {
                "cells": 0,
                "wl_drivers": 0,
                "bl_drivers": 0,
                "dacs": 0,
                "adcs": 23.076923076923073,
                "adders_regular": 0,
                "adders_pv": 0.30592,
                "accumulators": 1.4531200000000002
            }
        },
        "area (mm^2)": {
            "total_area": 1.7962664798235817,
            "total_area_breakdown:": {
                "imc_area": 0.0070664798235816634,
                "mem_area": 1.7892
            },
            "total_area_breakdown_further": {
                "imc_area_breakdown": {
                    "cells": 0,
                    "access_tx": 0.000802816,
                    "dacs": 0,
                    "adcs": 0.004169365428271333,
                    "adders_regular": 0,
                    "adders_pv": 4.31028e-05,
                    "accumulators": 0.0016268544,
                    "wl_drivers": 0.0003311792464367771,
                    "bl_drivers": 9.31619488735541e-05
                },
                "mem_area_breakdown": {
                    "cells": 0,
                    "rf_1B": 0,
                    "rf_2B": 0,
                    "L1_SRAM_512KB": 1.7892,
                    "L2_DRAM": 0
                }
            }
        },
        "spatial": {
            "mac_utilization": {
                "ideal": 1.0,
                "stalls": 0.9257345951977518,
                "stalls_onloading": 0.9256180133451134,
                "stalls_onloading_offloading": 0.925616191986651
            }
        }
    },
    "inputs": {
        "accelerator": {
            "id": 0,
            "name": "Experiment3_2T2R_pseudo_crossbar_reram-removing-nouse-mem",
            "operational_array": {
                "operational_unit: ImcNvmArray, dimensions": {
                    "D1": 8,
                    "D2": 64
                }
            },
            "memory_hierarchy": [
                "MemoryLevel(instance=cells,operands=[I2], served_dimensions=set())",
                "MemoryLevel(instance=rf_1B,operands=[I1], served_dimensions={D1})",
                "MemoryLevel(instance=rf_2B,operands=[O], served_dimensions={D2})",
                "MemoryLevel(instance=L2_DRAM,operands=[I2], served_dimensions={D1, D2})",
                "MemoryLevel(instance=L1_SRAM_512KB,operands=[I1, O], served_dimensions={D1, D2})"
            ],
            "mem_hierarchy_dict": {
                "I2": [
                    "MemoryLevel(instance=cells,operands=[I2], served_dimensions=set())",
                    "MemoryLevel(instance=L2_DRAM,operands=[I2], served_dimensions={D1, D2})"
                ],
                "I1": [
                    "MemoryLevel(instance=rf_1B,operands=[I1], served_dimensions={D1})",
                    "MemoryLevel(instance=L1_SRAM_512KB,operands=[I1, O], served_dimensions={D1, D2})"
                ],
                "O": [
                    "MemoryLevel(instance=rf_2B,operands=[O], served_dimensions={D2})",
                    "MemoryLevel(instance=L1_SRAM_512KB,operands=[I1, O], served_dimensions={D1, D2})"
                ]
            },
            "dataflows": null,
            "mem_size_dict": {
                "I2": [
                    8,
                    10000000000
                ],
                "I1": [
                    8,
                    4194304
                ],
                "O": [
                    16,
                    4194304
                ]
            },