{
    "energy": 2609060425.979226,
    "latency": 3301990.046875
}