{
    "outputs": {
        "memory": {
            "utilization": {
                "O": [
                    1.0,
                    0.02880859375
                ],
                "W": [
                    1.0,
                    0.0360710144
                ],
                "I": [
                    1.0,
                    0.02880859375
                ]
            },
            "word_accesses": {
                "O": [
                    {
                        "rd ^": 12288,
                        "wr v": 12288,
                        "rd v": 12288,
                        "wr ^": 12288
                    },
                    {
                        "rd ^": 0,
                        "wr v": 0,
                        "rd v": 384,
                        "wr ^": 384
                    }
                ],
                "W": [
                    {
                        "rd ^": 0,
                        "wr v": 45088776,
                        "rd v": 45088776,
                        "wr ^": 0
                    },
                    {
                        "rd ^": 0,
                        "wr v": 0,
                        "rd v": 5636112,
                        "wr ^": 0
                    }
                ],
                "I": [
                    {
                        "rd ^": 0,
                        "wr v": 11007,
                        "rd v": 11007,
                        "wr ^": 0
                    },
                    {
                        "rd ^": 0,
                        "wr v": 0,
                        "rd v": 172,
                        "wr ^": 0
                    }
                ]
            }
        },
        "energy": {
            "energy_total": 18591404715.262302,
            "operational_energy": 4046040.113477055,
            "operational_energy_breakdown": {
                "cells": 762458.1295846193,
                "wl_drivers": 3214098.641925,
                "bl_drivers": 9406.382346315213,
                "dacs": 28532.736000000004,
                "adcs": 30870.137733120002,
                "adders_regular": 0,
                "adders_pv": 674.0858879999998
            },
            "memory_energy": 18587358675.148827,
            "memory_energy_breakdown_per_level": {
                "O": [
                    1032.192,
                    149131.776
                ],
                "W": [
                    14641900361.392828,
                    3945278400
                ],
                "I": [
                    220.14000000000001,
                    29529.648
                ]
            },
            "memory_energy_breakdown_per_level_per_operand": {
                "O": [
                    {
                        "rd ^": 258.048,
                        "wr v": 258.048,
                        "rd v": 258.048,
                        "wr ^": 258.048
                    },
                    {
                        "rd ^": 0.0,
                        "wr v": 0.0,
                        "rd v": 65926.656,
                        "wr ^": 83205.12
                    }
                ],
                "W": [
                    {
                        "rd ^": 0,
                        "wr v": 14641900361.392828,
                        "rd v": 0,
                        "wr ^": 0.0
                    },
                    {
                        "rd ^": 0,
                        "wr v": 0,
                        "rd v": 3945278400,
                        "wr ^": 0
                    }
                ],
                "I": [
                    {
                        "rd ^": 0.0,
                        "wr v": 110.07000000000001,
                        "rd v": 110.07000000000001,
                        "wr ^": 0.0
                    },
                    {
                        "rd ^": 0.0,
                        "wr v": 0.0,
                        "rd v": 29529.648,
                        "wr ^": 0.0
                    }
                ]
            }
        },
        "latency": {
            "data_onloading": 234816.0,
            "computation": 5401129.0,
            "data_offloading": 16.0,
            "computation_breakdown": {
                "mac_computation": 384.0,
                "memory_stalling": 5400745
            }
        },
        "clock": {
            "tclk (ns)": 24.835963076923072,
            "tclk_breakdown (ns)": {
                "cells": 0,
                "wl_drivers": 0,
                "bl_drivers": 0,
                "dacs": 0,
                "adcs": 23.076923076923073,
                "adders_regular": 0,
                "adders_pv": 0.30592,
                "accumulators": 1.4531200000000002
            }
        },
        "area (mm^2)": {
            "total_area": 7.189352520200482,
            "total_area_breakdown:": {
                "imc_area": 5.400152520200482,
                "mem_area": 1.7892
            },
            "total_area_breakdown_further": {
                "imc_area_breakdown": {
                    "cells": 0,
                    "access_tx": 3.288334336,
                    "dacs": 0,
                    "adcs": 0.2668393874093653,
                    "adders_regular": 0,
                    "adders_pv": 0.0027585792,
                    "accumulators": 0.1041186816,
                    "wl_drivers": 1.356510193405039,
                    "bl_drivers": 0.3815913425860776
                },
                "mem_area_breakdown": {
                    "cells": 0,
                    "rf_1B": 0,
                    "rf_2B": 0,
                    "L1_SRAM_512KB": 1.7892,
                    "L2_DRAM": 0
                }
            }
        },
        "spatial": {
            "mac_utilization": {
                "ideal": 0.9166666666666666,
                "stalls": 6.517155950172639e-05,
                "stalls_onloading": 6.245625179095964e-05,
                "stalls_onloading_offloading": 6.245607448312719e-05
            }
        }
    },
    "inputs": {
        "accelerator": {
            "id": 0,
            "name": "Experiment3_2T2R_pseudo_crossbar_reram-removing-nouse-mem",
            "operational_array": {
                "operational_unit: ImcNvmArray, dimensions": {
                    "D1": 512,
                    "D2": 4096
                }
            },
            "memory_hierarchy": [
                "MemoryLevel(instance=cells,operands=[I2], served_dimensions=set())",
                "MemoryLevel(instance=rf_1B,operands=[I1], served_dimensions={D1})",
                "MemoryLevel(instance=rf_2B,operands=[O], served_dimensions={D2})",
                "MemoryLevel(instance=L2_DRAM,operands=[I2], served_dimensions={D1, D2})",
                "MemoryLevel(instance=L1_SRAM_512KB,operands=[I1, O], served_dimensions={D1, D2})"
            ],
            "mem_hierarchy_dict": {
                "I2": [
                    "MemoryLevel(instance=cells,operands=[I2], served_dimensions=set())",
                    "MemoryLevel(instance=L2_DRAM,operands=[I2], served_dimensions={D1, D2})"
                ],
                "I1": [
                    "MemoryLevel(instance=rf_1B,operands=[I1], served_dimensions={D1})",
                    "MemoryLevel(instance=L1_SRAM_512KB,operands=[I1, O], served_dimensions={D1, D2})"
                ],
                "O": [
                    "MemoryLevel(instance=rf_2B,operands=[O], served_dimensions={D2})",
                    "MemoryLevel(instance=L1_SRAM_512KB,operands=[I1, O], served_dimensions={D1, D2})"
                ]
            },
            "dataflows": null,
            "mem_size_dict": {
                "I2": [
                    8,
                    10000000000
                ],
                "I1": [
                    8,
                    4194304
                ],