{
    "outputs": {
        "memory": {
            "utilization": {
                "O": [
                    1.0,
                    0.02880859375
                ],
                "W": [
                    1.0,
                    0.0360710144
                ],
                "I": [
                    1.0,
                    0.02880859375
                ]
            },
            "word_accesses": {
                "O": [
                    {
                        "rd ^": 5500,
                        "wr v": 0,
                        "rd v": 0,
                        "wr ^": 11000
                    },
                    {
                        "rd ^": 0,
                        "wr v": 0,
                        "rd v": 0,
                        "wr ^": 171
                    }
                ],
                "W": [
                    {
                        "rd ^": 0,
                        "wr v": 45088758,
                        "rd v": 45088758,
                        "wr ^": 0
                    },
                    {
                        "rd ^": 0,
                        "wr v": 0,
                        "rd v": 5636114,
                        "wr ^": 0
                    }
                ],
                "I": [
                    {
                        "rd ^": 0,
                        "wr v": 4096,
                        "rd v": 4096,
                        "wr ^": 0
                    },
                    {
                        "rd ^": 0,
                        "wr v": 0,
                        "rd v": 64,
                        "wr ^": 0
                    }
                ]
            }
        },
        "energy": {
            "energy_total": 18591268824.753628,
            "operational_energy": 4046040.113477055,
            "operational_energy_breakdown": {
                "cells": 762458.1295846193,
                "wl_drivers": 3214098.641925,
                "bl_drivers": 9406.382346315213,
                "dacs": 28532.736000000004,
                "adcs": 30870.137733120002,
                "adders_regular": 0,
                "adders_pv": 674.0858879999998
            },
            "memory_energy": 18587222784.640152,
            "memory_energy_breakdown_per_level": {
                "O": [
                    346.50000000000006,
                    37052.28
                ],
                "W": [
                    14641894516.16415,
                    3945279800
                ],
                "I": [
                    81.92,
                    10987.776
                ]
            },
            "memory_energy_breakdown_per_level_per_operand": {
                "O": [
                    {
                        "rd ^": 115.50000000000001,
                        "wr v": 0.0,
                        "rd v": 0.0,
                        "wr ^": 231.00000000000003
                    },
                    {
                        "rd ^": 0.0,
                        "wr v": 0.0,
                        "rd v": 0.0,
                        "wr ^": 37052.28
                    }
                ],
                "W": [
                    {
                        "rd ^": 0,
                        "wr v": 14641894516.16415,
                        "rd v": 0,
                        "wr ^": 0.0
                    },
                    {
                        "rd ^": 0,
                        "wr v": 0,
                        "rd v": 3945279800,
                        "wr ^": 0
                    }
                ],
                "I": [
                    {
                        "rd ^": 0.0,
                        "wr v": 40.96,
                        "rd v": 40.96,
                        "wr ^": 0.0
                    },
                    {
                        "rd ^": 0.0,
                        "wr v": 0.0,
                        "rd v": 10987.776,
                        "wr ^": 0.0
                    }
                ]
            }
        },
        "latency": {
            "data_onloading": 256000.0,
            "computation": 5376331.0,
            "data_offloading": 16.0,
            "computation_breakdown": {
                "mac_computation": 352.0,
                "memory_stalling": 5375979
            }
        },
        "clock": {
            "tclk (ns)": 24.835963076923072,
            "tclk_breakdown (ns)": {
                "cells": 0,
                "wl_drivers": 0,
                "bl_drivers": 0,
                "dacs": 0,
                "adcs": 23.076923076923073,
                "adders_regular": 0,
                "adders_pv": 0.30592,
                "accumulators": 1.4531200000000002
            }
        },
        "area (mm^2)": {
            "total_area": 7.189352520200482,
            "total_area_breakdown:": {
                "imc_area": 5.400152520200482,
                "mem_area": 1.7892
            },
            "total_area_breakdown_further": {
                "imc_area_breakdown": {
                    "cells": 0,
                    "access_tx": 3.288334336,
                    "dacs": 0,
                    "adcs": 0.2668393874093653,
                    "adders_regular": 0,
                    "adders_pv": 0.0027585792,
                    "accumulators": 0.1041186816,
                    "wl_drivers": 1.356510193405039,
                    "bl_drivers": 0.3815913425860776
                },
                "mem_area_breakdown": {
                    "cells": 0,
                    "rf_1B": 0,
                    "rf_2B": 0,
                    "L1_SRAM_512KB": 1.7892,
                    "L2_DRAM": 0
                }
            }
        },
        "spatial": {
            "mac_utilization": {
                "ideal": 1.0,
                "stalls": 6.547215935923588e-05,
                "stalls_onloading": 6.249632700919034e-05,
                "stalls_onloading_offloading": 6.249614947374514e-05
            }
        }
    },
    "inputs": {
        "accelerator": {
            "id": 0,
            "name": "Experiment3_2T2R_pseudo_crossbar_reram-removing-nouse-mem",
            "operational_array": {
                "operational_unit: ImcNvmArray, dimensions": {
                    "D1": 512,
                    "D2": 4096
                }
            },
            "memory_hierarchy": [
                "MemoryLevel(instance=cells,operands=[I2], served_dimensions=set())",
                "MemoryLevel(instance=rf_1B,operands=[I1], served_dimensions={D1})",
                "MemoryLevel(instance=rf_2B,operands=[O], served_dimensions={D2})",
                "MemoryLevel(instance=L2_DRAM,operands=[I2], served_dimensions={D1, D2})",
                "MemoryLevel(instance=L1_SRAM_512KB,operands=[I1, O], served_dimensions={D1, D2})"
            ],
            "mem_hierarchy_dict": {
                "I2": [
                    "MemoryLevel(instance=cells,operands=[I2], served_dimensions=set())",
                    "MemoryLevel(instance=L2_DRAM,operands=[I2], served_dimensions={D1, D2})"
                ],
                "I1": [
                    "MemoryLevel(instance=rf_1B,operands=[I1], served_dimensions={D1})",
                    "MemoryLevel(instance=L1_SRAM_512KB,operands=[I1, O], served_dimensions={D1, D2})"
                ],
                "O": [
                    "MemoryLevel(instance=rf_2B,operands=[O], served_dimensions={D2})",
                    "MemoryLevel(instance=L1_SRAM_512KB,operands=[I1, O], served_dimensions={D1, D2})"
                ]
            },
            "dataflows": null,
            "mem_size_dict": {
                "I2": [
                    8,
                    10000000000
                ],
                "I1": [
                    8,
                    4194304
                ],
                "O": [
                    16,
                    4194304
                ]
            },