{
    "energy": 1690769510.7740722,
    "latency": 2239635.71875
}