{
    "outputs": {
        "memory": {
            "utilization": {
                "O": [
                    1.0,
                    0.02880859375
                ],
                "W": [
                    1.0,
                    0.0360710144
                ],
                "I": [
                    1.0,
                    0.02880859375
                ]
            },
            "word_accesses": {
                "O": [
                    {
                        "rd ^": 45056,
                        "wr v": 45056,
                        "rd v": 45056,
                        "wr ^": 45056
                    },
                    {
                        "rd ^": 0,
                        "wr v": 0,
                        "rd v": 1408,
                        "wr ^": 1408
                    }
                ],
                "W": [
                    {
                        "rd ^": 0,
                        "wr v": 45088736,
                        "rd v": 45088736,
                        "wr ^": 0
                    },
                    {
                        "rd ^": 0,
                        "wr v": 0,
                        "rd v": 5636224,
                        "wr ^": 0
                    }
                ],
                "I": [
                    {
                        "rd ^": 0,
                        "wr v": 11011,
                        "rd v": 11011,
                        "wr ^": 0
                    },
                    {
                        "rd ^": 0,
                        "wr v": 0,
                        "rd v": 173,
                        "wr ^": 0
                    }
                ]
            }
        },
        "energy": {
            "energy_total": 9077137557.41208,
            "operational_energy": 4226270.992340415,
            "operational_energy_breakdown": {
                "cells": 762458.1295846193,
                "wl_drivers": 3214098.641925,
                "bl_drivers": 9406.382346315213,
                "dacs": 114130.94400000002,
                "adcs": 123480.55093248001,
                "adders_regular": 0,
                "adders_pv": 2696.3435519999994
            },
            "memory_energy": 9072911286.41974,
            "memory_energy_breakdown_per_level": {
                "O": [
                    3784.704,
                    546816.512
                ],
                "W": [
                    5126973963.651742,
                    3945356800
                ],
                "I": [
                    220.22,
                    29701.332
                ]
            },
            "memory_energy_breakdown_per_level_per_operand": {
                "O": [
                    {
                        "rd ^": 946.176,
                        "wr v": 946.176,
                        "rd v": 946.176,
                        "wr ^": 946.176
                    },
                    {
                        "rd ^": 0.0,
                        "wr v": 0.0,
                        "rd v": 241731.072,
                        "wr ^": 305085.44
                    }
                ],
                "W": [
                    {
                        "rd ^": 0,
                        "wr v": 5126973963.651742,
                        "rd v": 0,
                        "wr ^": 0.0
                    },
                    {
                        "rd ^": 0,
                        "wr v": 0,
                        "rd v": 3945356800,
                        "wr ^": 0
                    }
                ],
                "I": [
                    {
                        "rd ^": 0.0,
                        "wr v": 110.11,
                        "rd v": 110.11,
                        "wr ^": 0.0
                    },
                    {
                        "rd ^": 0.0,
                        "wr v": 0.0,
                        "rd v": 29701.332,
                        "wr ^": 0.0
                    }
                ]
            }
        },
        "latency": {
            "data_onloading": 16000.0,
            "computation": 5621281.0,
            "data_offloading": 4.0,
            "computation_breakdown": {
                "mac_computation": 5632.0,
                "memory_stalling": 5615649
            }
        },
        "clock": {
            "tclk (ns)": 24.835963076923072,
            "tclk_breakdown (ns)": {
                "cells": 0,
                "wl_drivers": 0,
                "bl_drivers": 0,
                "dacs": 0,
                "adcs": 23.076923076923073,
                "adders_regular": 0,
                "adders_pv": 0.30592,
                "accumulators": 1.4531200000000002
            }
        },
        "area (mm^2)": {
            "total_area": 2.196781404051786,
            "total_area_breakdown:": {
                "imc_area": 0.4075814040517861,
                "mem_area": 1.7892
            },
            "total_area_breakdown_further": {
                "imc_area_breakdown": {
                    "cells": 0,
                    "access_tx": 0.205520896,
                    "dacs": 0,
                    "adcs": 0.06670984685234133,
                    "adders_regular": 0,
                    "adders_pv": 0.0006896448,
                    "accumulators": 0.0260296704,
                    "wl_drivers": 0.08478188708781494,
                    "bl_drivers": 0.02384945891162985
                },
                "mem_area_breakdown": {
                    "cells": 0,
                    "rf_1B": 0,
                    "rf_2B": 0,
                    "L1_SRAM_512KB": 1.7892,
                    "L2_DRAM": 0
                }
            }
        },
        "spatial": {
            "mac_utilization": {
                "ideal": 0.9772727272727273,
                "stalls": 0.0009791362502603945,
                "stalls_onloading": 0.0009763572190210139,
                "stalls_onloading_offloading": 0.0009763565262355903
            }
        }
    },
    "inputs": {
        "accelerator": {
            "id": 0,
            "name": "Experiment3_2T2R_pseudo_crossbar_reram-removing-nouse-mem",
            "operational_array": {
                "operational_unit: ImcNvmArray, dimensions": {
                    "D1": 128,
                    "D2": 1024
                }
            },
            "memory_hierarchy": [
                "MemoryLevel(instance=cells,operands=[I2], served_dimensions=set())",
                "MemoryLevel(instance=rf_1B,operands=[I1], served_dimensions={D1})",
                "MemoryLevel(instance=rf_2B,operands=[O], served_dimensions={D2})",
                "MemoryLevel(instance=L2_DRAM,operands=[I2], served_dimensions={D1, D2})",
                "MemoryLevel(instance=L1_SRAM_512KB,operands=[I1, O], served_dimensions={D1, D2})"
            ],
            "mem_hierarchy_dict": {
                "I2": [
                    "MemoryLevel(instance=cells,operands=[I2], served_dimensions=set())",
                    "MemoryLevel(instance=L2_DRAM,operands=[I2], served_dimensions={D1, D2})"
                ],
                "I1": [
                    "MemoryLevel(instance=rf_1B,operands=[I1], served_dimensions={D1})",
                    "MemoryLevel(instance=L1_SRAM_512KB,operands=[I1, O], served_dimensions={D1, D2})"
                ],
                "O": [
                    "MemoryLevel(instance=rf_2B,operands=[O], served_dimensions={D2})",
                    "MemoryLevel(instance=L1_SRAM_512KB,operands=[I1, O], served_dimensions={D1, D2})"
                ]
            },
            "dataflows": null,
            "mem_size_dict": {
                "I2": [
                    8,
                    10000000000
                ],
                "I1": [
                    8,
                    4194304
                ],
                "O": [
                    16,
                    4194304
                ]
            },