{
    "outputs": {
        "memory": {
            "utilization": {
                "O": [
                    1.0,
                    0.125
                ],
                "W": [
                    1.0,
                    0.0134217728
                ],
                "I": [
                    1.0,
                    0.125
                ]
            },
            "word_accesses": {
                "O": [
                    {
                        "rd ^": 131072,
                        "wr v": 131072,
                        "rd v": 131072,
                        "wr ^": 131072
                    },
                    {
                        "rd ^": 0,
                        "wr v": 0,
                        "rd v": 4096,
                        "wr ^": 4096
                    }
                ],
                "W": [
                    {
                        "rd ^": 0,
                        "wr v": 16777216,
                        "rd v": 16777216,
                        "wr ^": 0
                    },
                    {
                        "rd ^": 0,
                        "wr v": 0,
                        "rd v": 2097152,
                        "wr ^": 0
                    }
                ],
                "I": [
                    {
                        "rd ^": 0,
                        "wr v": 1048576,
                        "rd v": 1048576,
                        "wr ^": 0
                    },
                    {
                        "rd ^": 0,
                        "wr v": 0,
                        "rd v": 16384,
                        "wr ^": 0
                    }
                ]
            }
        },
        "energy": {
            "energy_total": 3392735114.9869685,
            "operational_energy": 12580527.60510635,
            "operational_energy_breakdown": {
                "cells": 2269642.8043449135,
                "wl_drivers": 9567549.445730234,
                "bl_drivers": 28000.393961124355,
                "dacs": 339738.62400000007,
                "adcs": 367570.01207808004,
                "adders_regular": 0,
                "adders_pv": 8026.324991999998
            },
            "memory_energy": 3380154587.381862,
            "memory_energy_breakdown_per_level": {
                "O": [
                    11010.048,
                    1590738.9440000001
                ],
                "W": [
                    1907712596.213862,
                    1468006400
                ],
                "I": [
                    20971.52,
                    2812870.656
                ]
            },
            "memory_energy_breakdown_per_level_per_operand": {
                "O": [
                    {
                        "rd ^": 2752.512,
                        "wr v": 2752.512,
                        "rd v": 2752.512,
                        "wr ^": 2752.512
                    },
                    {
                        "rd ^": 0.0,
                        "wr v": 0.0,
                        "rd v": 703217.664,
                        "wr ^": 887521.28
                    }
                ],
                "W": [
                    {
                        "rd ^": 0,
                        "wr v": 1907712596.213862,
                        "rd v": 0,
                        "wr ^": 0.0
                    },
                    {
                        "rd ^": 0,
                        "wr v": 0,
                        "rd v": 1468006400,
                        "wr ^": 0
                    }
                ],
                "I": [
                    {
                        "rd ^": 0.0,
                        "wr v": 10485.76,
                        "rd v": 10485.76,
                        "wr ^": 0.0
                    },
                    {
                        "rd ^": 0.0,
                        "wr v": 0.0,
                        "rd v": 2812870.656,
                        "wr ^": 0.0
                    }
                ]
            }
        },
        "latency": {
            "data_onloading": 16384.0,
            "computation": 2097025.0,
            "data_offloading": 4.0,
            "computation_breakdown": {
                "mac_computation": 16384.0,
                "memory_stalling": 2080641
            }
        },
        "clock": {
            "tclk (ns)": 24.835963076923072,
            "tclk_breakdown (ns)": {
                "cells": 0,
                "wl_drivers": 0,
                "bl_drivers": 0,
                "dacs": 0,
                "adcs": 23.076923076923073,
                "adders_regular": 0,
                "adders_pv": 0.30592,
                "accumulators": 1.4531200000000002
            }
        },
        "area (mm^2)": {
            "total_area": 2.196781404051786,
            "total_area_breakdown:": {
                "imc_area": 0.4075814040517861,
                "mem_area": 1.7892
            },
            "total_area_breakdown_further": {
                "imc_area_breakdown": {
                    "cells": 0,
                    "access_tx": 0.205520896,
                    "dacs": 0,
                    "adcs": 0.06670984685234133,
                    "adders_regular": 0,
                    "adders_pv": 0.0006896448,
                    "accumulators": 0.0260296704,
                    "wl_drivers": 0.08478188708781494,
                    "bl_drivers": 0.02384945891162985
                },
                "mem_area_breakdown": {
                    "cells": 0,
                    "rf_1B": 0,
                    "rf_2B": 0,
                    "L1_SRAM_512KB": 1.7892,
                    "L2_DRAM": 0
                }
            }
        },
        "spatial": {
            "mac_utilization": {
                "ideal": 1.0,
                "stalls": 0.007812973140520499,
                "stalls_onloading": 0.0077524038177181984,
                "stalls_onloading_offloading": 0.007752389144951791
            }
        }
    },
    "inputs": {
        "accelerator": {
            "id": 0,
            "name": "Experiment3_2T2R_pseudo_crossbar_reram-removing-nouse-mem",
            "operational_array": {
                "operational_unit: ImcNvmArray, dimensions": {
                    "D1": 128,
                    "D2": 1024
                }
            },
            "memory_hierarchy": [
                "MemoryLevel(instance=cells,operands=[I2], served_dimensions=set())",
                "MemoryLevel(instance=rf_1B,operands=[I1], served_dimensions={D1})",
                "MemoryLevel(instance=rf_2B,operands=[O], served_dimensions={D2})",
                "MemoryLevel(instance=L2_DRAM,operands=[I2], served_dimensions={D1, D2})",
                "MemoryLevel(instance=L1_SRAM_512KB,operands=[I1, O], served_dimensions={D1, D2})"
            ],
            "mem_hierarchy_dict": {
                "I2": [
                    "MemoryLevel(instance=cells,operands=[I2], served_dimensions=set())",
                    "MemoryLevel(instance=L2_DRAM,operands=[I2], served_dimensions={D1, D2})"
                ],
                "I1": [
                    "MemoryLevel(instance=rf_1B,operands=[I1], served_dimensions={D1})",
                    "MemoryLevel(instance=L1_SRAM_512KB,operands=[I1, O], served_dimensions={D1, D2})"
                ],
                "O": [
                    "MemoryLevel(instance=rf_2B,operands=[O], served_dimensions={D2})",
                    "MemoryLevel(instance=L1_SRAM_512KB,operands=[I1, O], served_dimensions={D1, D2})"
                ]
            },
            "dataflows": null,
            "mem_size_dict": {
                "I2": [
                    8,
                    10000000000
                ],
                "I1": [
                    8,
                    4194304
                ],
                "O": [
                    16,
                    4194304
                ]
            },