{
    "outputs": {
        "memory": {
            "utilization": {
                "O": [
                    1.0,
                    0.0043487548828125
                ],
                "I": [
                    1.0,
                    0.0043487548828125
                ],
                "W": [
                    1.0,
                    0.001024
                ]
            },
            "word_accesses": {
                "O": [
                    {
                        "rd ^": 500,
                        "wr v": 0,
                        "rd v": 0,
                        "wr ^": 1000
                    },
                    {
                        "rd ^": 0,
                        "wr v": 0,
                        "rd v": 0,
                        "wr ^": 15
                    }
                ],
                "I": [
                    {
                        "rd ^": 0,
                        "wr v": 1280,
                        "rd v": 1280,
                        "wr ^": 0
                    },
                    {
                        "rd ^": 0,
                        "wr v": 0,
                        "rd v": 20,
                        "wr ^": 0
                    }
                ],
                "W": [
                    {
                        "rd ^": 0,
                        "wr v": 1280000,
                        "rd v": 1280000,
                        "wr ^": 0
                    },
                    {
                        "rd ^": 0,
                        "wr v": 0,
                        "rd v": 160000,
                        "wr ^": 0
                    }
                ]
            }
        },
        "energy": {
            "energy_total": 527784277.79750943,
            "operational_energy": 116830.86747829757,
            "operational_energy_breakdown": {
                "cells": 21645.0004992,
                "wl_drivers": 91243.26177339777,
                "bl_drivers": 267.0325656998096,
                "dacs": 810.0000000000001,
                "adcs": 2804.3366400000004,
                "adders_regular": 0,
                "adders_pv": 61.23599999999998
            },
            "memory_energy": 527667446.9300311,
            "memory_energy_breakdown_per_level": {
                "O": [
                    31.5,
                    3250.2000000000003
                ],
                "I": [
                    25.6,
                    3433.68
                ],
                "W": [
                    415660705.9500311,
                    112000000
                ]
            },
            "memory_energy_breakdown_per_level_per_operand": {
                "O": [
                    {
                        "rd ^": 10.5,
                        "wr v": 0.0,
                        "rd v": 0.0,
                        "wr ^": 21.0
                    },
                    {
                        "rd ^": 0.0,
                        "wr v": 0.0,
                        "rd v": 0.0,
                        "wr ^": 3250.2000000000003
                    }
                ],
                "I": [
                    {
                        "rd ^": 0.0,
                        "wr v": 12.8,
                        "rd v": 12.8,
                        "wr ^": 0.0
                    },
                    {
                        "rd ^": 0.0,
                        "wr v": 0.0,
                        "rd v": 3433.68,
                        "wr ^": 0.0
                    }
                ],
                "W": [
                    {
                        "rd ^": 0,
                        "wr v": 415660705.9500311,
                        "rd v": 0,
                        "wr ^": 0.0
                    },
                    {
                        "rd ^": 0,
                        "wr v": 0,
                        "rd v": 112000000,
                        "wr ^": 0
                    }
                ]
            }
        },
        "latency": {
            "data_onloading": 80000.0,
            "computation": 80031.0,
            "data_offloading": 1.0,
            "computation_breakdown": {
                "mac_computation": 32.0,
                "memory_stalling": 79999
            }
        },
        "clock": {
            "tclk (ns)": 24.835963076923072,
            "tclk_breakdown (ns)": {
                "cells": 0,
                "wl_drivers": 0,
                "bl_drivers": 0,
                "dacs": 0,
                "adcs": 23.076923076923073,
                "adders_regular": 0,
                "adders_pv": 0.30592,
                "accumulators": 1.4531200000000002
            }
        },
        "area (mm^2)": {
            "total_area": 7.189352520200482,
            "total_area_breakdown:": {
                "imc_area": 5.400152520200482,
                "mem_area": 1.7892
            },
            "total_area_breakdown_further": {
                "imc_area_breakdown": {
                    "cells": 0,
                    "access_tx": 3.288334336,
                    "dacs": 0,
                    "adcs": 0.2668393874093653,
                    "adders_regular": 0,
                    "adders_pv": 0.0027585792,
                    "accumulators": 0.1041186816,
                    "wl_drivers": 1.356510193405039,
                    "bl_drivers": 0.3815913425860776
                },
                "mem_area_breakdown": {
                    "cells": 0,
                    "rf_1B": 0,
                    "rf_2B": 0,
                    "L1_SRAM_512KB": 1.7892,
                    "L2_DRAM": 0
                }
            }
        },
        "spatial": {
            "mac_utilization": {
                "ideal": 0.5,
                "stalls": 0.0001999225300196174,
                "stalls_onloading": 9.998062875317907e-05,
                "stalls_onloading_offloading": 9.998000399920016e-05
            }
        }
    },
    "inputs": {
        "accelerator": {
            "id": 0,
            "name": "Experiment3_2T2R_pseudo_crossbar_reram-removing-nouse-mem",
            "operational_array": {
                "operational_unit: ImcNvmArray, dimensions": {
                    "D1": 512,
                    "D2": 4096
                }
            },
            "memory_hierarchy": [
                "MemoryLevel(instance=cells,operands=[I2], served_dimensions=set())",
                "MemoryLevel(instance=rf_1B,operands=[I1], served_dimensions={D1})",
                "MemoryLevel(instance=rf_2B,operands=[O], served_dimensions={D2})",
                "MemoryLevel(instance=L2_DRAM,operands=[I2], served_dimensions={D1, D2})",
                "MemoryLevel(instance=L1_SRAM_512KB,operands=[I1, O], served_dimensions={D1, D2})"
            ],
            "mem_hierarchy_dict": {
                "I2": [
                    "MemoryLevel(instance=cells,operands=[I2], served_dimensions=set())",
                    "MemoryLevel(instance=L2_DRAM,operands=[I2], served_dimensions={D1, D2})"
                ],
                "I1": [
                    "MemoryLevel(instance=rf_1B,operands=[I1], served_dimensions={D1})",
                    "MemoryLevel(instance=L1_SRAM_512KB,operands=[I1, O], served_dimensions={D1, D2})"
                ],
                "O": [
                    "MemoryLevel(instance=rf_2B,operands=[O], served_dimensions={D2})",
                    "MemoryLevel(instance=L1_SRAM_512KB,operands=[I1, O], served_dimensions={D1, D2})"
                ]
            },
            "dataflows": null,
            "mem_size_dict": {
                "I2": [
                    8,
                    10000000000
                ],
                "I1": [
                    8,
                    4194304
                ],
                "O": [
                    16,
                    4194304
                ]
            },