{
    "outputs": {
        "memory": {
            "utilization": {
                "O": [
                    0.5,
                    0.1495361328125
                ],
                "W": [
                    1.0,
                    0.00032768
                ],
                "I": [
                    1.0,
                    0.1495361328125
                ]
            },
            "word_accesses": {
                "O": [
                    {
                        "rd ^": 62769,
                        "wr v": 0,
                        "rd v": 0,
                        "wr ^": 62769
                    },
                    {
                        "rd ^": 0,
                        "wr v": 0,
                        "rd v": 0,
                        "wr ^": 992
                    }
                ],
                "W": [
                    {
                        "rd ^": 0,
                        "wr v": 409599,
                        "rd v": 409599,
                        "wr ^": 0
                    },
                    {
                        "rd ^": 0,
                        "wr v": 0,
                        "rd v": 51201,
                        "wr ^": 0
                    }
                ],
                "I": [
                    {
                        "rd ^": 0,
                        "wr v": 47040,
                        "rd v": 47040,
                        "wr ^": 0
                    },
                    {
                        "rd ^": 0,
                        "wr v": 0,
                        "rd v": 735,
                        "wr ^": 0
                    }
                ]
            }
        },
        "energy": {
            "energy_total": 171163217.10612875,
            "operational_energy": 1966704.5390453057,
            "operational_energy_breakdown": {
                "cells": 339393.60782745597,
                "wl_drivers": 1430694.3446068768,
                "bl_drivers": 4187.070630173014,
                "dacs": 12700.800000000003,
                "adcs": 175887.9940608,
                "adders_regular": 0,
                "adders_pv": 3840.721919999999
            },
            "memory_energy": 169196512.56708345,
            "memory_energy_breakdown_per_level": {
                "O": [
                    2636.2980000000002,
                    214946.56
                ],
                "W": [
                    133011101.16908343,
                    35840700
                ],
                "I": [
                    940.8000000000001,
                    126187.74
                ]
            },
            "memory_energy_breakdown_per_level_per_operand": {
                "O": [
                    {
                        "rd ^": 1318.1490000000001,
                        "wr v": 0.0,
                        "rd v": 0.0,
                        "wr ^": 1318.1490000000001
                    },
                    {
                        "rd ^": 0.0,
                        "wr v": 0.0,
                        "rd v": 0.0,
                        "wr ^": 214946.56
                    }
                ],
                "W": [
                    {
                        "rd ^": 0,
                        "wr v": 133011101.16908343,
                        "rd v": 0,
                        "wr ^": 0.0
                    },
                    {
                        "rd ^": 0,
                        "wr v": 0,
                        "rd v": 35840700,
                        "wr ^": 0
                    }
                ],
                "I": [
                    {
                        "rd ^": 0.0,
                        "wr v": 470.40000000000003,
                        "rd v": 470.40000000000003,
                        "wr ^": 0.0
                    },
                    {
                        "rd ^": 0.0,
                        "wr v": 0.0,
                        "rd v": 126187.74,
                        "wr ^": 0.0
                    }
                ]
            }
        },
        "latency": {
            "data_onloading": 17040.0,
            "computation": 36430.0,
            "data_offloading": 7.0,
            "computation_breakdown": {
                "mac_computation": 2352.0,
                "memory_stalling": 34078
            }
        },
        "clock": {
            "tclk (ns)": 24.835963076923072,
            "tclk_breakdown (ns)": {
                "cells": 0,
                "wl_drivers": 0,
                "bl_drivers": 0,
                "dacs": 0,
                "adcs": 23.076923076923073,
                "adders_regular": 0,
                "adders_pv": 0.30592,
                "accumulators": 1.4531200000000002
            }
        },
        "area (mm^2)": {
            "total_area": 7.189352520200482,
            "total_area_breakdown:": {
                "imc_area": 5.400152520200482,
                "mem_area": 1.7892
            },
            "total_area_breakdown_further": {
                "imc_area_breakdown": {
                    "cells": 0,
                    "access_tx": 3.288334336,
                    "dacs": 0,
                    "adcs": 0.2668393874093653,
                    "adders_regular": 0,
                    "adders_pv": 0.0027585792,
                    "accumulators": 0.1041186816,
                    "wl_drivers": 1.356510193405039,
                    "bl_drivers": 0.3815913425860776
                },
                "mem_area_breakdown": {
                    "cells": 0,
                    "rf_1B": 0,
                    "rf_2B": 0,
                    "L1_SRAM_512KB": 1.7892,
                    "L2_DRAM": 0
                }
            }
        },
        "spatial": {
            "mac_utilization": {
                "ideal": 0.06802721088435375,
                "stalls": 0.0043919846280538015,
                "stalls_onloading": 0.0029923321488685246,
                "stalls_onloading_offloading": 0.0029919404603848385
            }
        }
    },
    "inputs": {
        "accelerator": {
            "id": 0,
            "name": "Experiment3_2T2R_pseudo_crossbar_reram-removing-nouse-mem",
            "operational_array": {
                "operational_unit: ImcNvmArray, dimensions": {
                    "D1": 512,
                    "D2": 4096
                }
            },
            "memory_hierarchy": [
                "MemoryLevel(instance=cells,operands=[I2], served_dimensions=set())",
                "MemoryLevel(instance=rf_1B,operands=[I1], served_dimensions={D1})",
                "MemoryLevel(instance=rf_2B,operands=[O], served_dimensions={D2})",
                "MemoryLevel(instance=L2_DRAM,operands=[I2], served_dimensions={D1, D2})",
                "MemoryLevel(instance=L1_SRAM_512KB,operands=[I1, O], served_dimensions={D1, D2})"
            ],
            "mem_hierarchy_dict": {
                "I2": [
                    "MemoryLevel(instance=cells,operands=[I2], served_dimensions=set())",
                    "MemoryLevel(instance=L2_DRAM,operands=[I2], served_dimensions={D1, D2})"
                ],
                "I1": [
                    "MemoryLevel(instance=rf_1B,operands=[I1], served_dimensions={D1})",
                    "MemoryLevel(instance=L1_SRAM_512KB,operands=[I1, O], served_dimensions={D1, D2})"
                ],
                "O": [
                    "MemoryLevel(instance=rf_2B,operands=[O], served_dimensions={D2})",
                    "MemoryLevel(instance=L1_SRAM_512KB,operands=[I1, O], served_dimensions={D1, D2})"
                ]
            },
            "dataflows": null,
            "mem_size_dict": {
                "I2": [
                    8,
                    10000000000
                ],
                "I1": [
                    8,
                    4194304
                ],
                "O": [
                    16,
                    4194304
                ]
            },