{
    "energy": 1772981312.1109474,
    "latency": 2293278.984375
}