{
    "energy": 1766185863.1026278,
    "latency": 2197406.984375
}