{
    "energy": 1772299509.9426274,
    "latency": 2293278.984375
}