{
    "energy": 1591819175.6373568,
    "latency": 1910455.28125
}