{
    "outputs": {
        "memory": {
            "utilization": {
                "O": [
                    1.0,
                    0.02880859375
                ],
                "W": [
                    1.0,
                    0.0360710144
                ],
                "I": [
                    1.0,
                    0.02880859375
                ]
            },
            "word_accesses": {
                "O": [
                    {
                        "rd ^": 1409024,
                        "wr v": 1409024,
                        "rd v": 1409024,
                        "wr ^": 1409024
                    },
                    {
                        "rd ^": 0,
                        "wr v": 0,
                        "rd v": 44032,
                        "wr ^": 44032
                    }
                ],
                "W": [
                    {
                        "rd ^": 0,
                        "wr v": 45088768,
                        "rd v": 45088768,
                        "wr ^": 0
                    },
                    {
                        "rd ^": 0,
                        "wr v": 0,
                        "rd v": 5636096,
                        "wr ^": 0
                    }
                ],
                "I": [
                    {
                        "rd ^": 0,
                        "wr v": 4096,
                        "rd v": 4096,
                        "wr ^": 0
                    },
                    {
                        "rd ^": 0,
                        "wr v": 0,
                        "rd v": 64,
                        "wr ^": 0
                    }
                ]
            }
        },
        "energy": {
            "energy_total": 6028624185.619608,
            "operational_energy": 11675813.985359296,
            "operational_energy_breakdown": {
                "cells": 762458.1295846193,
                "wl_drivers": 3214098.641925,
                "bl_drivers": 9406.382346315213,
                "dacs": 3652190.2080000006,
                "adcs": 3951377.6298393602,
                "adders_regular": 0,
                "adders_pv": 86282.99366399998
            },
            "memory_energy": 6016948371.634249,
            "memory_energy_breakdown_per_level": {
                "O": [
                    118358.016,
                    17100443.648000002
                ],
                "W": [
                    2054451300.2742488,
                    3945267200
                ],
                "I": [
                    81.92,
                    10987.776
                ]
            },
            "memory_energy_breakdown_per_level_per_operand": {
                "O": [
                    {
                        "rd ^": 29589.504,
                        "wr v": 29589.504,
                        "rd v": 29589.504,
                        "wr ^": 29589.504
                    },
                    {
                        "rd ^": 0.0,
                        "wr v": 0.0,
                        "rd v": 7559589.888,
                        "wr ^": 9540853.76
                    }
                ],
                "W": [
                    {
                        "rd ^": 0,
                        "wr v": 2054451300.2742488,
                        "rd v": 0,
                        "wr ^": 0.0
                    },
                    {
                        "rd ^": 0,
                        "wr v": 0,
                        "rd v": 3945267200,
                        "wr ^": 0
                    }
                ],
                "I": [
                    {
                        "rd ^": 0.0,
                        "wr v": 40.96,
                        "rd v": 40.96,
                        "wr ^": 0.0
                    },
                    {
                        "rd ^": 0.0,
                        "wr v": 0.0,
                        "rd v": 10987.776,
                        "wr ^": 0.0
                    }
                ]
            }
        },
        "latency": {
            "data_onloading": 16.0,
            "computation": 10919921.0,
            "data_offloading": 1.0,
            "computation_breakdown": {
                "mac_computation": 5636096.0,
                "memory_stalling": 5283825
            }
        },
        "clock": {
            "tclk (ns)": 24.835963076923072,
            "tclk_breakdown (ns)": {
                "cells": 0,
                "wl_drivers": 0,
                "bl_drivers": 0,
                "dacs": 0,
                "adcs": 23.076923076923073,
                "adders_regular": 0,
                "adders_pv": 0.30592,
                "accumulators": 1.4531200000000002
            }
        },
        "area (mm^2)": {
            "total_area": 1.7924264506129632,
            "total_area_breakdown:": {
                "imc_area": 0.003226450612963249,
                "mem_area": 1.7892
            },
            "total_area_breakdown_further": {
                "imc_area_breakdown": {
                    "cells": 0,
                    "access_tx": 0.000200704,
                    "dacs": 0,
                    "adcs": 0.0020846827141356664,
                    "adders_regular": 0,
                    "adders_pv": 2.15514e-05,
                    "accumulators": 0.0008134272,
                    "wl_drivers": 8.279481160919427e-05,
                    "bl_drivers": 2.3290487218388524e-05
                },
                "mem_area_breakdown": {
                    "cells": 0,
                    "rf_1B": 0,
                    "rf_2B": 0,
                    "L1_SRAM_512KB": 1.7892,
                    "L2_DRAM": 0
                }
            }
        },
        "spatial": {
            "mac_utilization": {
                "ideal": 1.0,
                "stalls": 0.5161297412316445,
                "stalls_onloading": 0.5161289849932285,
                "stalls_onloading_offloading": 0.5161289377284011
            }
        }
    },
    "inputs": {
        "accelerator": {
            "id": 0,
            "name": "Experiment3_2T2R_pseudo_crossbar_reram-removing-nouse-mem",
            "operational_array": {
                "operational_unit: ImcNvmArray, dimensions": {
                    "D1": 4,
                    "D2": 32
                }
            },
            "memory_hierarchy": [
                "MemoryLevel(instance=cells,operands=[I2], served_dimensions=set())",
                "MemoryLevel(instance=rf_1B,operands=[I1], served_dimensions={D1})",
                "MemoryLevel(instance=rf_2B,operands=[O], served_dimensions={D2})",
                "MemoryLevel(instance=L2_DRAM,operands=[I2], served_dimensions={D1, D2})",
                "MemoryLevel(instance=L1_SRAM_512KB,operands=[I1, O], served_dimensions={D1, D2})"
            ],
            "mem_hierarchy_dict": {
                "I2": [
                    "MemoryLevel(instance=cells,operands=[I2], served_dimensions=set())",
                    "MemoryLevel(instance=L2_DRAM,operands=[I2], served_dimensions={D1, D2})"
                ],
                "I1": [
                    "MemoryLevel(instance=rf_1B,operands=[I1], served_dimensions={D1})",
                    "MemoryLevel(instance=L1_SRAM_512KB,operands=[I1, O], served_dimensions={D1, D2})"
                ],
                "O": [
                    "MemoryLevel(instance=rf_2B,operands=[O], served_dimensions={D2})",
                    "MemoryLevel(instance=L1_SRAM_512KB,operands=[I1, O], served_dimensions={D1, D2})"
                ]
            },
            "dataflows": null,
            "mem_size_dict": {
                "I2": [
                    8,
                    10000000000
                ],
                "I1": [
                    8,
                    4194304
                ],
                "O": [
                    16,
                    4194304
                ]
            },