{
    "outputs": {
        "memory": {
            "utilization": {
                "O": [
                    1.0,
                    0.19140625
                ],
                "W": [
                    1.0,
                    0.0004718592
                ],
                "I": [
                    1.0,
                    0.19140625
                ]
            },
            "word_accesses": {
                "O": [
                    {
                        "rd ^": 25088,
                        "wr v": 0,
                        "rd v": 0,
                        "wr ^": 50176
                    },
                    {
                        "rd ^": 0,
                        "wr v": 0,
                        "rd v": 0,
                        "wr ^": 784
                    }
                ],
                "W": [
                    {
                        "rd ^": 0,
                        "wr v": 589824,
                        "rd v": 589824,
                        "wr ^": 0
                    },
                    {
                        "rd ^": 0,
                        "wr v": 0,
                        "rd v": 73728,
                        "wr ^": 0
                    }
                ],
                "I": [
                    {
                        "rd ^": 0,
                        "wr v": 451584,
                        "rd v": 451584,
                        "wr ^": 0
                    },
                    {
                        "rd ^": 0,
                        "wr v": 0,
                        "rd v": 7056,
                        "wr ^": 0
                    }
                ]
            }
        },
        "energy": {
            "energy_total": 263312782.2231759,
            "operational_energy": 18774837.2734016,
            "operational_energy_breakdown": {
                "cells": 1954907.1810861463,
                "wl_drivers": 16481598.84987122,
                "bl_drivers": 48235.053659593126,
                "dacs": 146313.21600000001,
                "adcs": 140710.39524864,
                "adders_regular": 0,
                "adders_pv": 3072.5775359999993
            },
            "memory_energy": 244537944.94977432,
            "memory_energy_breakdown_per_level": {
                "O": [
                    1580.5440000000003,
                    169877.12
                ],
                "W": [
                    191536453.30177432,
                    51609600
                ],
                "I": [
                    9031.68,
                    1211402.304
                ]
            },
            "memory_energy_breakdown_per_level_per_operand": {
                "O": [
                    {
                        "rd ^": 526.8480000000001,
                        "wr v": 0.0,
                        "rd v": 0.0,
                        "wr ^": 1053.6960000000001
                    },
                    {
                        "rd ^": 0.0,
                        "wr v": 0.0,
                        "rd v": 0.0,
                        "wr ^": 169877.12
                    }
                ],
                "W": [
                    {
                        "rd ^": 0,
                        "wr v": 191536453.30177432,
                        "rd v": 0,
                        "wr ^": 0.0
                    },
                    {
                        "rd ^": 0,
                        "wr v": 0,
                        "rd v": 51609600,
                        "wr ^": 0
                    }
                ],
                "I": [
                    {
                        "rd ^": 0.0,
                        "wr v": 4515.84,
                        "rd v": 4515.84,
                        "wr ^": 0.0
                    },
                    {
                        "rd ^": 0.0,
                        "wr v": 0.0,
                        "rd v": 1211402.304,
                        "wr ^": 0.0
                    }
                ]
            }
        },
        "latency": {
            "data_onloading": 66707.0,
            "computation": 8393.0,
            "data_offloading": 8.0,
            "computation_breakdown": {
                "mac_computation": 1568.0,
                "memory_stalling": 6825
            }
        },
        "clock": {
            "tclk (ns)": 24.835963076923072,
            "tclk_breakdown (ns)": {
                "cells": 0,
                "wl_drivers": 0,
                "bl_drivers": 0,
                "dacs": 0,
                "adcs": 23.076923076923073,
                "adders_regular": 0,
                "adders_pv": 0.30592,
                "accumulators": 1.4531200000000002
            }
        },
        "area (mm^2)": {
            "total_area": 7.189352520200482,
            "total_area_breakdown:": {
                "imc_area": 5.400152520200482,
                "mem_area": 1.7892
            },
            "total_area_breakdown_further": {
                "imc_area_breakdown": {
                    "cells": 0,
                    "access_tx": 3.288334336,
                    "dacs": 0,
                    "adcs": 0.2668393874093653,
                    "adders_regular": 0,
                    "adders_pv": 0.0027585792,
                    "accumulators": 0.1041186816,
                    "wl_drivers": 1.356510193405039,
                    "bl_drivers": 0.3815913425860776
                },
                "mem_area_breakdown": {
                    "cells": 0,
                    "rf_1B": 0,
                    "rf_2B": 0,
                    "L1_SRAM_512KB": 1.7892,
                    "L2_DRAM": 0
                }
            }
        },
        "spatial": {
            "mac_utilization": {
                "ideal": 0.2857142857142857,
                "stalls": 0.05337781484570475,
                "stalls_onloading": 0.00596537949400799,
                "stalls_onloading_offloading": 0.005964744101826703
            }
        }
    },
    "inputs": {
        "accelerator": {
            "id": 0,
            "name": "Experiment3_2T2R_pseudo_crossbar_reram-removing-nouse-mem",
            "operational_array": {
                "operational_unit: ImcNvmArray, dimensions": {
                    "D1": 512,
                    "D2": 4096
                }
            },
            "memory_hierarchy": [
                "MemoryLevel(instance=cells,operands=[I2], served_dimensions=set())",
                "MemoryLevel(instance=rf_1B,operands=[I1], served_dimensions={D1})",
                "MemoryLevel(instance=rf_2B,operands=[O], served_dimensions={D2})",
                "MemoryLevel(instance=L2_DRAM,operands=[I2], served_dimensions={D1, D2})",
                "MemoryLevel(instance=L1_SRAM_512KB,operands=[I1, O], served_dimensions={D1, D2})"
            ],
            "mem_hierarchy_dict": {
                "I2": [
                    "MemoryLevel(instance=cells,operands=[I2], served_dimensions=set())",
                    "MemoryLevel(instance=L2_DRAM,operands=[I2], served_dimensions={D1, D2})"
                ],
                "I1": [
                    "MemoryLevel(instance=rf_1B,operands=[I1], served_dimensions={D1})",
                    "MemoryLevel(instance=L1_SRAM_512KB,operands=[I1, O], served_dimensions={D1, D2})"
                ],
                "O": [
                    "MemoryLevel(instance=rf_2B,operands=[O], served_dimensions={D2})",
                    "MemoryLevel(instance=L1_SRAM_512KB,operands=[I1, O], served_dimensions={D1, D2})"
                ]
            },
            "dataflows": null,
            "mem_size_dict": {
                "I2": [
                    8,
                    10000000000
                ],
                "I1": [
                    8,
                    4194304
                ],
                "O": [
                    16,
                    4194304
                ]
            },